id,feed_id,title,link,description,published_at,is_read,is_favorite,video_id,duration,view_count,thumbnail,created_at,is_read_later
0283b2cb-fb8a-42c0-9e6d-5fda4bcd503f,273f8114-8dab-4186-9c35-2aacf93b38d1,"The Fed will wait for trade war fallout before cutting interest rates, Jerome Powell says",https://qz.com/fed-powell-rate-cut-trade-war-trump-economy-1851768493,,2025-03-07 19:08:49+00,false,false,,,,,2025-03-08 18:51:01.509897+00,false
0668e4e1-18d4-46a6-8dcc-25feee95d99e,188992d0-7d48-4120-987b-87477bf511a2,"FORM GEÃ‡Ä°CÄ°, KLAS KALICIDIR. | LOL YAYIN ANLARI 102",https://www.youtube.com/watch?v=WSEuhpYBAuc,"LOL YayÄ±n AnlarÄ± derlemesinin yeni bÃ¶lÃ¼mÃ¼ne hoÅŸ geldiniz! Ä°zlediÄŸiniz iÃ§in teÅŸekkÃ¼rler, abone olmayÄ± unutmayÄ±nÄ±z...
Telif hakkÄ± ve kaldÄ±rtmak istediÄŸiniz iÃ§erikler iÃ§in ; afeliosskk@gmail.com
En uygun, en hÄ±zlÄ± RP'nin adresi : https://www.sonteklif.com/yayinci/Afelioss #Ä°ÅŸbirliÄŸi #Reklam #Sponsor 
Discord, klip paylaÅŸÄ±mÄ± ve sohbet iÃ§in; https://discord.gg/fAzUaR9fcE
Instagram: https://www.instagram.com/afelioss/
Twitter: https://x.com/azizafelioss

Intro: https://youtu.be/4R8EDBkjcZQ?si=S_1vDcaOoZivfF9h
Outro: https://www.youtube.com/watch?v=vD3CcxkZwbY

00:00 Babag
00:47 Intro
00:52 Closer
01:19 Crystal
01:38 Fabfab
02:12 Bolulu
02:48 Farfetch
03:31 Hansuo
04:02 Holyphoenix
04:33 MalkoÃ§
04:50 Naru
05:14 Archelaus
05:38 Telch
06:03 Zedxsmurf
06:22 Zeitnot
07:05 Bolulu
07:38 Crystal
08:05 Fabfab
08:48 Farfetch
09:17 Holyphoenix
09:46 MalkoÃ§
10:06 Naru
10:37 ShawiKatami
10:51 Crystal
11:08 Archelaus
11:23 MalkoÃ§
11:37 Fabfab
11:55 Outro
12:07 AnladÄ±nÄ±z mÄ± espriyi?
12:25 TeÅŸekkÃ¼rler
12:30 ne?




























































#zeitnot
#leagueoflegends 
#leagueoflegendstÃ¼rkiye 
#loltr 
#loltÃ¼rkiye 
#lolvideolarÄ±
#lillia 
#lolmontage 
#loloynanÄ±ÅŸ 
#lolplays 
#lolclips 
#esports 
#outplayed 
#lolrage 
#holyphoenixlol 
#zedxsmurf 
#gosu 
#crystal
#closer 
#uthenera
#naru
#ebonivonizliyor 
#archelaus 

Intro ve outro iÃ§in ilham aldÄ±ÄŸÄ±m kanal ;  @hmmcik",2025-01-29 13:28:53+00,false,false,WSEuhpYBAuc,,,https://i.ytimg.com/vi/WSEuhpYBAuc/mqdefault.jpg,2025-03-01 09:51:04.62904+00,false
06fb143c-3626-4cca-b625-81d3eda15f4c,188992d0-7d48-4120-987b-87477bf511a2,ENTERESAN VADÄ° BUG'I - 28 ÅUBAT LOL GREVÄ° | LOL YAYIN ANLARI 109,https://www.youtube.com/watch?v=8fUOTGfAWC8,"LOL YayÄ±n AnlarÄ± derlemesinin yeni bÃ¶lÃ¼mÃ¼ne hoÅŸ geldiniz! Ä°zlediÄŸiniz iÃ§in teÅŸekkÃ¼rler, abone olmayÄ± unutmayÄ±nÄ±z...
Telif hakkÄ± ve kaldÄ±rtmak istediÄŸiniz iÃ§erikler iÃ§in ; afeliosskk@gmail.com
En uygun, en hÄ±zlÄ± RP'nin adresi : https://www.sonteklif.com/yayinci/Afelioss #Ä°ÅŸbirliÄŸi #Reklam #Sponsor 
Discord, klip paylaÅŸÄ±mÄ± ve sohbet iÃ§in; https://discord.gg/fAzUaR9fcE
Instagram: https://www.instagram.com/afelioss/
Twitter: https://x.com/azizafelioss

Intro: https://youtu.be/4R8EDBkjcZQ?si=S_1vDcaOoZivfF9h
Outro: https://www.youtube.com/watch?v=vD3CcxkZwbY

00:00 Stansfield
00:42 Intro
00:47 Bolululol
01:12 Crystal
01:34 Fabfab
02:02 Hansuo
02:28 Holyphoenix
02:49 MalkoÃ§
03:43 Naru
04:06 osman123
04:27 wtcN
04:58 Archelaus
05:29 Zedxsmurf
06:00 Zeitnot
06:24 Armutlol
06:51 Betrayal
07:09 Bolululol
07:44 Crystal
08:10 Hansuo 
08:38 Holyphoenix (osman kireas atÄ±ÅŸmasÄ±)
10:05 Naru
10:41 osman123
11:05 Revanche
11:40 Telch
12:23 Zeitnot
12:52 Crystal
13:24 MalkoÃ§
14:00 Naru
14:35 osman123
15:12 wtcN
15:35 Zeitnot
16:14 Outro
16:26 28 ÅUBAT GREVÄ° 
19:09 teÅŸekkÃ¼rler






















































#zeitnot
#leagueoflegends 
#leagueoflegendstÃ¼rkiye 
#loltr 
#loltÃ¼rkiye 
#lolvideolarÄ±
#lillia 
#lolmontage 
#loloynanÄ±ÅŸ 
#lolplays 
#lolclips 
#esports 
#outplayed 
#lolrage 
#holyphoenixlol 
#zedxsmurf 
#gosu 
#crystal
#closer 
#uthenera
#naru
#ebonivonizliyor 
#archelaus 

Intro ve outro iÃ§in ilham aldÄ±ÄŸÄ±m kanal ;  @hmmcik",2025-02-28 08:15:43+00,false,false,8fUOTGfAWC8,,,https://i.ytimg.com/vi/8fUOTGfAWC8/mqdefault.jpg,2025-03-01 09:51:04.62904+00,false
071c79b1-763d-4fe5-a52d-be9dd864d4e2,e4ee230d-5dfc-4bd8-8a7c-43d0d4957cb7,"Cursor AI Bu Sefer ÅaÅŸÄ±rttÄ± - Kod Yazmadan E-Ticaret Sitesi Yapmak #2 (Nextjs, Tailwind, Supabase)",https://www.youtube.com/watch?v=rMuLPSurPms,"Bu videoda, Cursor AI ile e-ticaret sitemizin UI/UX tasarÄ±mÄ±nÄ± baÅŸtan sona yeniledik! Yapay zeka, sadece kod yazmakla kalmadÄ±, aynÄ± zamanda modern ve kullanÄ±cÄ± dostu bir arayÃ¼z oluÅŸturarak bizi ÅŸaÅŸÄ±rttÄ±. Next.js, Tailwind CSS ve Supabase kullanarak, kod yazmadan nasÄ±l profesyonel bir e-ticaret sitesi yapÄ±labileceÄŸini adÄ±m adÄ±m gÃ¶steriyorum. Yapay zeka ile frontend geliÅŸtirme artÄ±k Ã§ok daha kolay! ğŸš€

ğŸ‘ BeÄŸenmeyi, ğŸ’¬ yorum yapmayÄ± ve ğŸ”” abone olup bildirimleri aÃ§mayÄ± unutma!

ğŸš€ğŸš€ğŸš€ğŸš€
Cursor AI & Windsurf 101 Prompt E-KitabÄ±m Ã‡Ä±ktÄ±!
https://www.shopier.com/ShowProductNew/products.php?id=32991963 
ğŸš€ğŸš€ğŸš€ğŸš€


ğŸš€ Instagramdan beni takip ederek beni destekleyebilirsiniz:   https://www.instagram.com/ugur.keskekci/
https://www.instagram.com/remoteugur/

ğŸš€ Kalori sayma uygulamam App Store'da yayÄ±nda: https://apps.apple.com/us/app/my-calories-kalori-hesaplama/id6664053954

ğŸš€ TopluluÄŸumuza katÄ±lmak iÃ§in: 
Telegram: https://t.me/+9bs7kgDL_51jNzU8
Discord: https://discord.gg/74Z5kR2VXf

AyrÄ±calÄ±klardan yararlanmak iÃ§in bu kanala katÄ±lÄ±n:
https://www.youtube.com/channel/UCUfRsfirIzYWaVe54w13Uxg/join

00:00 GiriÅŸ
02:05 Cursor AI ile UI/UX GeliÅŸtirme KÄ±sÄ±mlar",2025-02-21 11:09:07+00,false,false,rMuLPSurPms,,,https://i.ytimg.com/vi/rMuLPSurPms/mqdefault.jpg,2025-03-01 10:12:33.450894+00,false
095f1ad8-dbae-4ec2-b7b1-4b016b14c4a7,273f8114-8dab-4186-9c35-2aacf93b38d1,Meta just fired about 20 employees for leaks,https://qz.com/meta-fires-20-employees-leaks-mark-zuckerberg-1851766894,,2025-02-27 20:41:00+00,false,false,,,,,2025-02-28 23:14:32.866096+00,false
09e28153-d636-4a1f-b609-1ed608abb328,1fe1032e-91fd-4540-b54b-5308b7c4eacf,Yapay Zeka ve Ä°nsan ZekasÄ±,https://www.youtube.com/watch?v=vRgj4btlL0w,"Bu video 2024.11.02 tarihli ""JavaScript Adamâ€™la Yapay Zeka nedir, nasÄ±l yapÄ±lÄ±r?"" adlÄ± yayÄ±nÄ±n 01:14:00 - 04:14:56 sÃ¼releri arasÄ±ndan alÄ±nÄ±p dÃ¼zenlenmiÅŸtir.

YayÄ±na ulaÅŸmak iÃ§in: https://www.youtube.com/watch?v=p-w7lNoLWlU

Daha fazla iÃ§erik iÃ§in https://www.nimble.dev adresini ziyaret edebilirsiniz.",2025-01-17 14:01:09+00,false,false,vRgj4btlL0w,,,https://i.ytimg.com/vi/vRgj4btlL0w/mqdefault.jpg,2025-03-01 09:45:17.748337+00,false
0d30f8aa-ddaf-4ac9-8826-2f186167d62e,e4ee230d-5dfc-4bd8-8a7c-43d0d4957cb7,Cursor AI ile Kod Yazmadan E Ticaret Sitesi Yapma - Sohbet Muhabbet YayÄ±nÄ±,https://www.youtube.com/watch?v=VCgGoIS0Sgw,"Turn your videos into live streams with https://restream.io

ğŸ‘ BeÄŸenmeyi, ğŸ’¬ yorum yapmayÄ± ve ğŸ”” abone olup bildirimleri aÃ§mayÄ± unutma!

ğŸš€ğŸš€ğŸš€ğŸš€
Cursor AI & Windsurf 101 Prompt E-KitabÄ±m Ã‡Ä±ktÄ±!
https://www.shopier.com/ShowProductNew/products.php?id=32991963 
ğŸš€ğŸš€ğŸš€ğŸš€


ğŸš€ Instagramdan beni takip ederek beni destekleyebilirsiniz:   https://www.instagram.com/ugur.keskekci/
https://www.instagram.com/remoteugur/

ğŸš€ Kalori sayma uygulamam App Store'da yayÄ±nda: https://apps.apple.com/us/app/my-calories-kalori-hesaplama/id6664053954

ğŸš€ TopluluÄŸumuza katÄ±lmak iÃ§in: 
Telegram: https://t.me/+9bs7kgDL_51jNzU8
Discord: https://discord.gg/74Z5kR2VXf

AyrÄ±calÄ±klardan yararlanmak iÃ§in bu kanala katÄ±lÄ±n:
https://www.youtube.com/channel/UCUfRsfirIzYWaVe54w13Uxg/join

00:00 GiriÅŸ
01:33 Cursor AI ve Uygulama TanÄ±tÄ±mÄ±",2025-02-19 21:41:19+00,false,false,VCgGoIS0Sgw,,,https://i.ytimg.com/vi/VCgGoIS0Sgw/mqdefault.jpg,2025-03-01 10:12:33.450894+00,false
0d3e56ff-11e3-4e51-922e-3ce0619bfe07,273f8114-8dab-4186-9c35-2aacf93b38d1,"Google, Microsoft, and now Amazon: The quantum computing race is heating up",https://qz.com/amazon-unveil-quantum-computing-chip-ocelot-aws-qubits-1851766663,,2025-02-27 13:41:02+00,false,false,,,,,2025-02-28 23:14:32.866096+00,false
0d8e7f02-c03b-4ccc-8025-712af205802b,273f8114-8dab-4186-9c35-2aacf93b38d1,Citigroup accidentally credited a customer's account with $81 trillion,https://qz.com/citigroup-trillion-dollar-transfer-near-miss-fraser-1851766972,,2025-02-28 14:42:00+00,false,false,,,,,2025-02-28 23:14:32.866096+00,false
0e90e709-548f-4968-a2e1-cdf336b35981,273f8114-8dab-4186-9c35-2aacf93b38d1,"The $1.5 billion Bybit hack was pulled off by North Korean agents, FBI and the crypto exchange say",https://qz.com/bybit-crypto-hack-ether-north-korea-hackers-theft-1851766765,,2025-02-27 15:33:00+00,false,false,,,,,2025-02-28 23:14:32.866096+00,false
0ef29d81-86c7-4c61-8f4d-0a23fc47a24e,273f8114-8dab-4186-9c35-2aacf93b38d1,"Best Buy is following Walmartâ€™s lead, yanking Amazon's playbook",https://qz.com/best-buy-amazon-walmart-third-party-sellers-trump-tarif-1851768083,,2025-03-06 19:30:00+00,false,false,,,,,2025-03-08 18:51:01.509897+00,false
0fb4474f-8cf0-4b4e-a89b-8531392dc8f6,273f8114-8dab-4186-9c35-2aacf93b38d1,The 5 most popular cities in America for business trips,https://qz.com/best-most-popular-us-cities-for-business-trips-1851767490,,2025-03-07 10:00:00+00,false,false,,,,,2025-03-08 18:51:01.509897+00,false
1193013b-7846-4dab-9501-7296bcb64506,273f8114-8dab-4186-9c35-2aacf93b38d1,Google now lets you delete your personal information from search. Here's how,https://qz.com/delete-your-personal-information-from-google-search-1851766759,,2025-02-27 16:13:00+00,false,false,,,,,2025-02-28 23:14:32.866096+00,false
1a947d08-3e2a-49f1-9e5f-4b9bee4a0085,273f8114-8dab-4186-9c35-2aacf93b38d1,Just 3 of Nvidia's customers made up more than 30% of its revenue last year,https://qz.com/nvidia-customers-yearly-revenue-fiscal-2025-ai-chips-1851766838,,2025-02-27 21:57:00+00,false,false,,,,,2025-02-28 23:14:32.866096+00,false
1d1e2489-4643-406c-86c6-f2bcb096f0a1,273f8114-8dab-4186-9c35-2aacf93b38d1,Moderna's bird flu vaccine has a problem,https://qz.com/moderna-bird-flu-vaccine-contract-in-jeopardy-1851766718,,2025-02-27 13:42:55+00,false,false,,,,,2025-02-28 23:14:32.866096+00,false
2087a82b-3b21-40ed-bc9c-93a42e8f0404,1fe1032e-91fd-4540-b54b-5308b7c4eacf,"JavaScript Adamâ€™la Yapay Zeka nedir, nasÄ±l yapÄ±lÄ±r? [CANLI] 2 KasÄ±m Cumartesi",https://www.youtube.com/watch?v=p-w7lNoLWlU,"UmarÄ±m herkes gÃ¼zel bir yaz geÃ§irmiÅŸtir! ArtÄ±k kÄ±ÅŸa girerken bir araya gelme vakti bu Cumartesi. HazÄ±r yeni bir AI kursu vermiÅŸ ve Londraâ€™da OpenAI DevDayâ€™e katÄ±lmÄ±ÅŸken yapay zeka Ã¼zerine konuÅŸalÄ±m istedim. KonuÅŸulacak Ã§ok ÅŸey var Ã§ocuklarâ€¦

Daha fazla iÃ§erik iÃ§in https://www.nimble.dev adresini ziyaret edebilirsiniz.",2024-11-03 00:00:59+00,false,false,p-w7lNoLWlU,,,https://i.ytimg.com/vi/p-w7lNoLWlU/mqdefault.jpg,2025-03-01 09:45:17.748337+00,false
28fb71ea-e464-4643-8029-dffbd8afbb75,273f8114-8dab-4186-9c35-2aacf93b38d1,Nvidia shows Big Tech's AI spending spree is still going strong,https://qz.com/big-tech-ai-spending-nvidia-earnings-data-center-chips-1851766726,,2025-02-27 15:59:10+00,false,false,,,,,2025-02-28 23:14:32.866096+00,false
2b85c9ca-cc1b-4b10-a197-bc7cabac1576,273f8114-8dab-4186-9c35-2aacf93b38d1,The labor market is getting softer. Bosses are using that to bring workers back to the office,https://qz.com/ceos-rto-labor-market-jobs-hiring-1851768425,,2025-03-07 16:43:00+00,false,false,,,,,2025-03-08 18:51:01.509897+00,false
2c7658a4-9195-4642-a5fd-6e2a67b673e9,273f8114-8dab-4186-9c35-2aacf93b38d1,6 big companies ditching DEI â€” and 6 that are sticking with it,https://qz.com/dei-companies-trump-target-apple-costco-goldman-citi-1851766804,,2025-02-28 10:00:00+00,false,false,,,,,2025-02-28 23:14:32.866096+00,false
2cb5f1ae-391b-4439-aae9-41a7d3e89910,1fe1032e-91fd-4540-b54b-5308b7c4eacf,"Yapay Zeka AraclarÄ± ve UygulamalarÄ±: LLM'ler, Kod Kalitesi, Content Repurposing, CrewAI ve DahasÄ±",https://www.youtube.com/watch?v=mgoTQ2IFWKM,"Bu video 2024.11.02 tarihli ""JavaScript Adamâ€™la Yapay Zeka nedir, nasÄ±l yapÄ±lÄ±r?"" adlÄ± yayÄ±nÄ±n 00:32:00 - 05:30:16 sÃ¼releri arasÄ±ndan alÄ±nÄ±p dÃ¼zenlenmiÅŸtir.

ğŸ• Videodaki BÃ¶lÃ¼mler
00:00 Local LLM Kullanmak MantÄ±klÄ± mÄ±?
00:08 Content Repurposing Projemiz Var
01:52 AI ile YazÄ±lan KodlarÄ±n Kod Kalitesi DÃ¼ÅŸÃ¼k mÃ¼?
05:08 Tree of Thoughts
05:47 ParanÄ±zÄ± CrewAI, LangChain ve AutoGen'e KaptÄ±rmayÄ±n
06:45 Ä°ngilizce LLM Ä°Ã§in En DoÄŸru Dil Olmayabilir
09:04 Bolt.new ve Cofounder Gibi Code Agent'lar HakkÄ±nda Ne DÃ¼ÅŸÃ¼nÃ¼yorsun?
09:21 Computer Vision'Ä±n GeleceÄŸini NasÄ±l GÃ¶rÃ¼yorsun?
10:12 Ses Ä°ÅŸleme Ãœzerine Ã‡alÄ±ÅŸmak Ä°stiyorum. Ne YapmalÄ±yÄ±m?

YayÄ±na ulaÅŸmak iÃ§in: https://www.youtube.com/watch?v=p-w7lNoLWlU

Daha fazla iÃ§erik iÃ§in https://www.nimble.dev adresini ziyaret edebilirsiniz.",2025-01-24 14:01:01+00,false,false,mgoTQ2IFWKM,,,https://i.ytimg.com/vi/mgoTQ2IFWKM/mqdefault.jpg,2025-03-01 09:45:17.748337+00,false
2cec7d05-20bb-442f-bbc9-982eec3fd9ab,273f8114-8dab-4186-9c35-2aacf93b38d1,"Nvidia, Broadcom, HPE, Walgreens, Costco: Stocks to watch today",https://qz.com/nvidia-broadcom-costco-walgreens-stocks-to-watch-today-1851768374,,2025-03-07 21:05:00+00,false,false,,,,,2025-03-08 18:51:01.509897+00,false
2d9b02ce-b002-449c-9144-be42c6e41917,188992d0-7d48-4120-987b-87477bf511a2,New video from Afelioss,https://www.youtube.com/watch?v=VsxspNLWOBI,,2025-03-08 18:53:05.911+00,false,false,,,,https://i.ytimg.com/vi/VsxspNLWOBI/hqdefault.jpg,2025-03-08 18:53:05.101527+00,false
332b0e43-1140-44ef-a389-e0531b911977,1fe1032e-91fd-4540-b54b-5308b7c4eacf,"Yapay Zeka ve Kariyer: YazÄ±lÄ±m, NLP, ML, Ä°statistik, PhD, Solopreneur Unicorn ve DahasÄ±",https://www.youtube.com/watch?v=nWEjOTa0OXE,"Bu video 2024.11.02 tarihli ""JavaScript Adamâ€™la Yapay Zeka nedir, nasÄ±l yapÄ±lÄ±r?"" adlÄ± yayÄ±nÄ±n 00:29:12 - 04:38:19 sÃ¼releri arasÄ±ndan alÄ±nÄ±p dÃ¼zenlenmiÅŸtir.

ğŸ• Videodaki BÃ¶lÃ¼mler
00:00 YazÄ±lÄ±ma AI DÃ¶neminde BaÅŸlanÄ±r mÄ±?
01:53 Robotik, NLP, ML AlanlarÄ±ndan Hangisinde GeliÅŸtirme YapmalÄ±yÄ±m?
02:12 Ä°statistik Bilmeden Yapay Zeka Ä°ÅŸinden AnlamazsÄ±n
05:51 PhD Ã‡ok BÃ¼yÃ¼k Bir Mevzu DeÄŸil
06:33 Tek KiÅŸilik Unicornlar GÃ¶receÄŸiz Fikrine KatÄ±lÄ±yor musun?

YayÄ±na ulaÅŸmak iÃ§in: https://www.youtube.com/watch?v=p-w7lNoLWlU

Daha fazla iÃ§erik iÃ§in https://www.nimble.dev adresini ziyaret edebilirsiniz.",2025-02-01 15:02:46+00,false,false,nWEjOTa0OXE,,,https://i.ytimg.com/vi/nWEjOTa0OXE/mqdefault.jpg,2025-03-01 09:45:17.748337+00,false
33fc0f97-db28-4444-bff7-9617b286a33f,188992d0-7d48-4120-987b-87477bf511a2,FARFO - HOLY DRAMASI TÃœM PERSPEKTÄ°FLER | LOL YAYIN ANLARI 104,https://www.youtube.com/watch?v=BEetxCX1urk,"LOL YayÄ±n AnlarÄ± derlemesinin yeni bÃ¶lÃ¼mÃ¼ne hoÅŸ geldiniz! Ä°zlediÄŸiniz iÃ§in teÅŸekkÃ¼rler, abone olmayÄ± unutmayÄ±nÄ±z...
Telif hakkÄ± ve kaldÄ±rtmak istediÄŸiniz iÃ§erikler iÃ§in ; afeliosskk@gmail.com
En uygun, en hÄ±zlÄ± RP'nin adresi : https://www.sonteklif.com/yayinci/Afelioss #Ä°ÅŸbirliÄŸi #Reklam #Sponsor 
Discord, klip paylaÅŸÄ±mÄ± ve sohbet iÃ§in; https://discord.gg/fAzUaR9fcE
Instagram: https://www.instagram.com/afelioss/
Twitter: https://x.com/azizafelioss

Intro: https://youtu.be/4R8EDBkjcZQ?si=S_1vDcaOoZivfF9h
Outro: https://www.youtube.com/watch?v=vD3CcxkZwbY

00:00 Naru - DRAMA
00:11 Holyphoenix, Jahrein, Closer  - DRAMA
01:37 Closer, Farfetch, Telch - DRAMA
04:15 Holyphoenix Telch - DRAMA
07:13 Holyphoenix - Farfetch son konuÅŸmasÄ±
09:23 Intro
09:29 Closer
09:55 Crystal
10:18 Fabfab
10:59 Bolulu
11:24 Hansuo
11:55 MalkoÃ§
12:11 Naru hatÄ±rladÄ±
13:01 Zedxsmurf
13:48 Zeitnot
14:23 Crystal
14:37 Fabfab
14:53 Bolulu
15:09 Hansuo
15:35 Holyphoenix
15:55 MalkoÃ§
16:18 Naru
16:57 Revanche
17:20 Zedxsmurf
17:50 Zeitnot
18:15 Closer
18:43 Crystal
19:03 Fabfab
19:22 MalkoÃ§
19:36 Outro
19:49 Naru (seninle kim kapÄ±ÅŸÄ±r)
21:35 TeÅŸekkÃ¼rler
21:46 Hayat






























































#zeitnot
#leagueoflegends 
#leagueoflegendstÃ¼rkiye 
#loltr 
#loltÃ¼rkiye 
#lolvideolarÄ±
#lillia 
#lolmontage 
#loloynanÄ±ÅŸ 
#lolplays 
#lolclips 
#esports 
#outplayed 
#lolrage 
#holyphoenixlol 
#zedxsmurf 
#gosu 
#crystal
#closer 
#uthenera
#naru
#ebonivonizliyor 
#archelaus 

Intro ve outro iÃ§in ilham aldÄ±ÄŸÄ±m kanal ;  @hmmcik",2025-02-06 15:33:20+00,false,false,BEetxCX1urk,,,https://i.ytimg.com/vi/BEetxCX1urk/mqdefault.jpg,2025-03-01 09:51:04.62904+00,false
35537906-248b-4483-98da-1a0c63bec00e,188992d0-7d48-4120-987b-87477bf511a2,New video from Afelioss,https://www.youtube.com/watch?v=Aszj7AWbzXI,,2025-03-08 18:53:05.911+00,false,false,,,,https://i.ytimg.com/vi/Aszj7AWbzXI/hqdefault.jpg,2025-03-08 18:53:05.101527+00,false
3741edda-b5a8-40a5-8113-bfd016a9c9d4,273f8114-8dab-4186-9c35-2aacf93b38d1,"Jeff Bezos' Blue Origin is flying Katy Perry, Lauren Sanchez, and 4 other women into space",https://qz.com/bezos-blue-origin-fly-katy-perry-lauren-sanchez-space-1851766764,,2025-02-27 15:47:00+00,false,false,,,,,2025-02-28 23:14:32.866096+00,false
378ee89f-22b2-4e06-9832-df2031580627,273f8114-8dab-4186-9c35-2aacf93b38d1,"From Ariana Grande to TimothÃ©e Chalamet, see the luxurious homes owned by this year's Oscar nominees",https://qz.com/ariana-grande-timothee-chalamet-zoe-saldana-oscars-home-1851765949,,2025-02-28 10:00:00+00,false,false,,,,,2025-02-28 23:14:32.866096+00,false
381f4833-6233-4856-87da-26fa55bc7d10,273f8114-8dab-4186-9c35-2aacf93b38d1,It's not just DeepSeek: 8 of China's top AI chatbots,https://qz.com/deepseek-yuanbao-doubao-ai-chatbots-china-tencent-baidu-1851767861,,2025-03-06 11:00:00+00,false,false,,,,,2025-03-08 18:51:01.509897+00,false
419e4513-1b36-425e-b2c4-149261ed7051,273f8114-8dab-4186-9c35-2aacf93b38d1,Dogecoin fan Elon Musk says â€˜donâ€™t bet the farmâ€™ on meme coins,https://qz.com/elon-musk-doge-memecoin-crypto-joe-rogan-sec-trump-1851767112,,2025-02-28 21:14:00+00,false,false,,,,,2025-02-28 23:14:32.866096+00,true
45b1799f-6cdc-4cf7-849d-b0660482f02a,273f8114-8dab-4186-9c35-2aacf93b38d1,"Nvidia stock nosedives, Bitcoin bleeds, and the Trump bump is over: Markets news roundup",https://qz.com/nvidia-stock-bitcoin-price-trump-crypto-stagflation-1851768468,,2025-03-08 14:00:00+00,false,false,,,,,2025-03-08 18:51:01.509897+00,false
48fb445c-1c20-4091-89d0-ebc0e69b6fbd,273f8114-8dab-4186-9c35-2aacf93b38d1,Amazon executives trash talk Microsoft's big quantum computing breakthrough,https://qz.com/amazon-executive-doubt-microsoft-quantum-computing-chip-1851768401,,2025-03-07 18:57:00+00,false,false,,,,,2025-03-08 18:51:01.509897+00,false
4a429082-677d-4784-b232-6bf08828f904,273f8114-8dab-4186-9c35-2aacf93b38d1,Generic brand groceries are winning big as inflation makes a comeback,https://qz.com/inflation-groceries-generic-brands-walmart-restaurants-1851766829,,2025-02-27 19:04:00+00,false,false,,,,,2025-02-28 23:14:32.866096+00,false
4b167e20-380f-404e-acb2-b5fa2fa5579a,273f8114-8dab-4186-9c35-2aacf93b38d1,"Trump's trade war, 'gold' visas for the rich, and scrambling on egg prices: Politics news roundup",https://qz.com/trump-tariff-gold-visa-rich-egg-prices-apple-economoy-1851767010,,2025-02-28 16:24:00+00,false,false,,,,,2025-02-28 23:14:32.866096+00,false
4b4e5c12-77a5-4bf0-9ef8-eba86b65623c,cb128b88-b87f-44e5-9a5d-59a4fb1d6ab2,Ä°nsÃ¼lin - Merak Edilen 10 Soruyu KafanÄ±zdan Siliyorum,https://www.youtube.com/watch?v=FitQT_Q1piQ,"DanÄ±ÅŸma https://www.drgurayaydin.com/akademi
KoÃ§luklar https://www.drgurayaydin.com/programlar

Kendinize en uygun supplementleri GURAY10 indirim kodu ile https://www.proteinocean.com 'dan alabilirsiniz!

KullandÄ±ÄŸÄ±m Supplemetler
antrenman Ã¶ncesi https://proteinocean.com/preworkout
yaÄŸ yakÄ±cÄ± https://proteinocean.com/burner
uyku desteÄŸi https://proteinocean.com/deep-sleep
protein tozu https://proteinocean.com/whey-isolate
kreatin https://proteinocean.com/creatine
odaklanma ve Ã§alÄ±ÅŸma https://proteinocean.com/ultra-mind
recovery desteÄŸi https://proteinocean.com/relax
sebze ve prebiyotik https://proteinocean.com/greens-superfoods
anti-aging https://proteinocean.com/nmn
eklem saÄŸlÄ±ÄŸÄ± https://proteinocean.com/glucosamine

vitaminler ve koruyucular
https://proteinocean.com/flava-omega3
https://proteinocean.com/mag-bisglisinate
karaciÄŸer https://proteinocean.com/liver
bÃ¶brek https://proteinocean.com/kidney

Videodaki bilgiler, sadece bilgilendirme amaÃ§lÄ± saÄŸlanmaktadÄ±r. Kanal Sahibi, videoda verilen bilgilerin tek baÅŸÄ±na bir saÄŸlÄ±k durumunu veya bir saÄŸlÄ±k sorununu teÅŸhis veya tedavi etmek iÃ§in kullanÄ±lmasÄ±nÄ± tavsiye etmez ve/veya bundan sorumlu tutulamaz.
HastalÄ±klar ve tedavi alanlarÄ± hakkÄ±nda konusunda uzman kiÅŸilerin; kiÅŸisel kanÄ±, deneyim ve gÃ¶rÃ¼ÅŸlerini iÃ§eren bilgiler yer almakta fakat teÅŸhis ve tedavi yÃ¶nlendirmesi yapÄ±lmamaktadÄ±r, hiÃ§bir bilgi bu ÅŸekilde algÄ±lanmamalÄ±dÄ±r. 
Videoda yer alan bilgiler bir hekime danÄ±ÅŸmanÄ±n yerine geÃ§mez.",2024-12-05 13:56:22+00,false,false,FitQT_Q1piQ,,,https://i.ytimg.com/vi/FitQT_Q1piQ/maxresdefault.jpg,2025-03-01 10:18:40.73332+00,false
4e960004-d486-468b-ac35-c08afeecc5fb,273f8114-8dab-4186-9c35-2aacf93b38d1,Tesla's biggest fan on Wall Street says worries over Elon Musk's politics are overblown,https://qz.com/tesla-stock-market-cap-trump-politics-elon-musk-wedbush-1851768370,,2025-03-07 14:56:00+00,false,false,,,,,2025-03-08 18:51:01.509897+00,false
4f06692a-3e60-479e-b6e8-b55e149d04a7,273f8114-8dab-4186-9c35-2aacf93b38d1,Papa John's is beating Domino's in the pizza wars,https://qz.com/papa-johns-q4-earnings-dominos-trump-tariffs-cheese-1851766785,,2025-02-27 17:20:05+00,false,false,,,,,2025-02-28 23:14:32.866096+00,false
4fd300e3-3b96-469a-8073-298215fb9e33,273f8114-8dab-4186-9c35-2aacf93b38d1,"Microsoft's new agents, Anthropic's $3.5 billion, and a new startup: This week's AI launches",https://qz.com/microsoft-agents-ai-assistant-anthropic-funding-startup-1851768550,,2025-03-08 10:00:00+00,false,false,,,,,2025-03-08 18:51:01.509897+00,false
4feb0240-1142-4b6f-9e72-03e6ed4e6dd0,273f8114-8dab-4186-9c35-2aacf93b38d1,Eli Lilly comes for knockoff weight loss drugs in new ad campaign,https://qz.com/eli-lilly-ad-campaign-weight-loss-drugs-1851767079,,2025-02-28 19:06:00+00,false,false,,,,,2025-02-28 23:14:32.866096+00,false
505b81d8-2e06-4d04-8120-f52614a51c56,188992d0-7d48-4120-987b-87477bf511a2,NPC VS'SÄ° - BU HAFTA HERKES OYUNCU | LOL YAYIN ANLARI 105,https://www.youtube.com/watch?v=BZpjkFYEJKY,"LOL YayÄ±n AnlarÄ± derlemesinin yeni bÃ¶lÃ¼mÃ¼ne hoÅŸ geldiniz! Ä°zlediÄŸiniz iÃ§in teÅŸekkÃ¼rler, abone olmayÄ± unutmayÄ±nÄ±z...
Telif hakkÄ± ve kaldÄ±rtmak istediÄŸiniz iÃ§erikler iÃ§in ; afeliosskk@gmail.com
En uygun, en hÄ±zlÄ± RP'nin adresi : https://www.sonteklif.com/yayinci/Afelioss #Ä°ÅŸbirliÄŸi #Reklam #Sponsor 
Discord, klip paylaÅŸÄ±mÄ± ve sohbet iÃ§in; https://discord.gg/fAzUaR9fcE
Instagram: https://www.instagram.com/afelioss/
Twitter: https://x.com/azizafelioss

Intro: https://youtu.be/4R8EDBkjcZQ?si=S_1vDcaOoZivfF9h
Outro: https://www.youtube.com/watch?v=vD3CcxkZwbY

00:00 Closer
00:48 Intro
00:52 Bolulu
01:35 Crystal
02:09 Fabfab
02:30 Hansuo
03:05 Larsahan
03:30 MalkoÃ§
04:30 Naru
04:48 osman123
05:10 Revanche
05:45 Stansfield
06:25 Zeitnot
07:27 Archelaus
07:45 Closer
08:51 Bolulu
09:23 Crystal
09:47 Fabfab
10:12 Hansuo
10:55 Larsahan
11:09 MalkoÃ§
11:43 Naru
12:24 Revanche
12:46 Stansfield
13:05 Zedxsmurf
13:26 Zeitnot
14:09 Bolulu
14:24 Crystal
14:42 osman123
15:04 Outro
15:17 A'a benzetiyor bak
16:15 TeÅŸekkÃ¼rler
16:23 Armut?


































































#zeitnot
#leagueoflegends 
#leagueoflegendstÃ¼rkiye 
#loltr 
#loltÃ¼rkiye 
#lolvideolarÄ±
#lillia 
#lolmontage 
#loloynanÄ±ÅŸ 
#lolplays 
#lolclips 
#esports 
#outplayed 
#lolrage 
#holyphoenixlol 
#zedxsmurf 
#gosu 
#crystal
#closer 
#uthenera
#naru
#ebonivonizliyor 
#archelaus 

Intro ve outro iÃ§in ilham aldÄ±ÄŸÄ±m kanal ;  @hmmcik",2025-02-11 14:06:03+00,false,false,BZpjkFYEJKY,,,https://i.ytimg.com/vi/BZpjkFYEJKY/mqdefault.jpg,2025-03-01 09:51:04.62904+00,false
51ec6fe0-ca2b-4164-baca-a3f670ad8e25,273f8114-8dab-4186-9c35-2aacf93b38d1,"Amazon's AI dubs, Google's Gemini Live update, and TSMC's $100 billion: AI news roundup",https://qz.com/tsmc-chips-us-amazon-prime-ai-google-gemini-chatbot-1851768151,,2025-03-07 10:00:00+00,false,false,,,,,2025-03-08 18:51:01.509897+00,false
526417af-6cc0-4209-97e3-4fb590dd0025,273f8114-8dab-4186-9c35-2aacf93b38d1,A big Target boycott starts today. Here's what to expect,https://qz.com/target-boycott-starts-today-heres-what-to-expect-1851767989,,2025-03-06 14:34:48+00,false,false,,,,,2025-03-08 18:51:01.509897+00,false
52a6e20f-8473-45ec-8b84-0eea124737c3,273f8114-8dab-4186-9c35-2aacf93b38d1,"Microsoft has axed almost 2,000 workers so far this year",https://qz.com/microsoft-lays-off-2000-employees-1851768037,,2025-03-06 16:49:00+00,false,false,,,,,2025-03-08 18:51:01.509897+00,false
54a8da55-a4e0-4324-bf7f-ec9f7bcfee42,273f8114-8dab-4186-9c35-2aacf93b38d1,The wellness world is getting wild and weird,https://qz.com/extreme-wellness-industry-gwyneth-paltrow-bryan-johnson-1851767109,,2025-03-06 10:00:00+00,false,false,,,,,2025-03-08 18:51:01.509897+00,false
574cc587-b101-474f-a168-68f5bb1527d4,1fe1032e-91fd-4540-b54b-5308b7c4eacf,New video from ArmaÄŸan Amcalar,https://www.youtube.com/watch?v=RZOSR7XLIfI,,2025-03-08 18:53:05.174+00,false,false,,,,https://i.ytimg.com/vi/RZOSR7XLIfI/hqdefault.jpg,2025-03-08 18:53:04.365697+00,false
59217657-6243-4283-9eb2-0693ba81c737,273f8114-8dab-4186-9c35-2aacf93b38d1,Delta Air Lines is helping make a new plane and it looks kind of like a Stealth bomber,https://qz.com/delta-airlines-announces-prototype-partnership-1851768023,,2025-03-07 18:25:00+00,false,false,,,,,2025-03-08 18:51:01.509897+00,false
5b14101c-0329-4212-915e-aabd609831f5,188992d0-7d48-4120-987b-87477bf511a2,New video from Afelioss,https://www.youtube.com/watch?v=G3P8DiLvRfE,,2025-03-08 18:53:05.911+00,false,false,,,,https://i.ytimg.com/vi/G3P8DiLvRfE/hqdefault.jpg,2025-03-08 18:53:05.101527+00,false
5bd80763-7840-4bf7-bfe6-1d5d98e039ce,188992d0-7d48-4120-987b-87477bf511a2,New video from Afelioss,https://www.youtube.com/watch?v=qw2RZOOzBY8,,2025-03-08 18:53:05.911+00,false,false,,,,https://i.ytimg.com/vi/qw2RZOOzBY8/hqdefault.jpg,2025-03-08 18:53:05.101527+00,false
5bf7ec6a-7b84-4172-904f-671945e62c86,273f8114-8dab-4186-9c35-2aacf93b38d1,The 10 cities in America with the highest risk of drunk driving fatalities,https://qz.com/us-cities-highest-risk-drunk-driving-fatalities-duis-1851767415,,2025-03-08 12:00:00+00,false,false,,,,,2025-03-08 18:51:01.509897+00,false
5d7b770f-5b11-408d-b658-cd937c81d685,273f8114-8dab-4186-9c35-2aacf93b38d1,Trump freezes his 25% tariffs on Mexican imports for one month,https://qz.com/trump-freezes-25-tariffs-mexican-imports-canada-1851768170,,2025-03-06 20:08:00+00,false,false,,,,,2025-03-08 18:51:01.509897+00,false
5e643b12-c5ec-4561-a41b-3661f71940b9,273f8114-8dab-4186-9c35-2aacf93b38d1,"OpenAI debuts GPT-4.5: Bigger, smarter â€” and more expensive",https://qz.com/openai-gpt-4-5-larger-smarter-model-1851766879,,2025-02-27 20:48:00+00,false,false,,,,,2025-02-28 23:14:32.866096+00,false
61ee7952-b660-4161-a3a2-2b8815be5afe,273f8114-8dab-4186-9c35-2aacf93b38d1,Amazon is launching a new lineup of Alexa Plus companion gadgets,https://qz.com/amazon-alexa-plus-generative-ai-new-devices-1851766874,,2025-02-27 21:59:18+00,false,false,,,,,2025-02-28 23:14:32.866096+00,false
62f4563c-2f84-44c3-9055-db46c55e6dc6,273f8114-8dab-4186-9c35-2aacf93b38d1,Warner Bros. Discovery's streaming unit is shooting for 150 million subscribers,https://qz.com/wbd-streaming-profit-subscribers-zaslav-max-netflix-1851766725,,2025-02-27 14:05:08+00,false,false,,,,,2025-02-28 23:14:32.866096+00,false
6432c0a6-15b1-4fa8-8b44-ca18e1f3ed39,273f8114-8dab-4186-9c35-2aacf93b38d1,The 10 cities where Americans are financially struggling the most,https://qz.com/cities-where-americans-financially-struggling-the-most-1851766532,,2025-02-27 10:00:00+00,false,false,,,,,2025-02-28 23:14:32.866096+00,false
6560b757-4bad-4964-8c10-add9408bde6d,e4ee230d-5dfc-4bd8-8a7c-43d0d4957cb7,Yapay Zeka ile Uygulama YapmanÄ±n En HÄ±zlÄ± Yolu Bolt.new,https://www.youtube.com/watch?v=oSTBOjtkROw,"Bu videoda, AI destekli Bolt.new kullanarak kod yazmadan bir web sitesi oluÅŸturuyoruz. YazÄ±lÄ±ma yeni baÅŸlayanlar veya hÄ±zlÄ± Ã§Ã¶zÃ¼m arayanlar iÃ§in harika bir rehber! Ä°zleyin ve siz de deneyin!

ğŸ‘ BeÄŸenmeyi, ğŸ’¬ yorum yapmayÄ± ve ğŸ”” abone olup bildirimleri aÃ§mayÄ± unutma!

ğŸš€ğŸš€ğŸš€ğŸš€
Cursor AI & Windsurf 101 Prompt E-KitabÄ±m Ã‡Ä±ktÄ±!
https://www.shopier.com/ShowProductNew/products.php?id=32991963 
ğŸš€ğŸš€ğŸš€ğŸš€


ğŸš€ Instagramdan beni takip ederek beni destekleyebilirsiniz:   https://www.instagram.com/ugur.keskekci/
https://www.instagram.com/remoteugur/

ğŸš€ Kalori sayma uygulamam App Store'da yayÄ±nda: https://apps.apple.com/us/app/my-calories-kalori-hesaplama/id6664053954

ğŸš€ TopluluÄŸumuza katÄ±lmak iÃ§in: 
Telegram: https://t.me/+9bs7kgDL_51jNzU8
Discord: https://discord.gg/74Z5kR2VXf

AyrÄ±calÄ±klardan yararlanmak iÃ§in bu kanala katÄ±lÄ±n:
https://www.youtube.com/channel/UCUfRsfirIzYWaVe54w13Uxg/join

00:00 GiriÅŸ
01:33 Cursor AI ve Uygulama TanÄ±tÄ±mÄ±",2025-02-27 18:29:31+00,true,false,oSTBOjtkROw,,,https://i.ytimg.com/vi/oSTBOjtkROw/mqdefault.jpg,2025-03-01 10:12:33.450894+00,false
668d9c7e-e6c7-4225-9848-32a606c7cddc,273f8114-8dab-4186-9c35-2aacf93b38d1,"This $52 Eggs Benedict includes lobster, caviar, and truffles â€” and it's not for anyone worried about egg prices",https://qz.com/delmonicos-eggs-benedict-price-sexier-1851766679,,2025-02-27 10:00:00+00,false,false,,,,,2025-02-28 23:14:32.866096+00,false
6714d82a-928f-4766-ab08-a0fb5e7a6c99,273f8114-8dab-4186-9c35-2aacf93b38d1,Even weight loss drugs aren't safe from tariffs,https://qz.com/novo-nordisk-ceo-trump-tariffs-ozempic-1851768029,,2025-03-06 16:33:55+00,false,false,,,,,2025-03-08 18:51:01.509897+00,false
6752d922-f481-4680-92c3-734ae1d0ea29,273f8114-8dab-4186-9c35-2aacf93b38d1,"Elon Musk's DOGE could hurt the U.S. economy, Bank of America researchers say",https://qz.com/us-doge-musk-federal-job-cuts-economic-effect-1851767092,,2025-02-28 19:31:00+00,false,false,,,,,2025-02-28 23:14:32.866096+00,false
67a1c5cb-449f-41d2-81a3-878c5f9e0133,188992d0-7d48-4120-987b-87477bf511a2,New video from Afelioss,https://www.youtube.com/watch?v=MQ4Ub3XqQLo,,2025-03-08 18:53:05.911+00,false,false,,,,https://i.ytimg.com/vi/MQ4Ub3XqQLo/hqdefault.jpg,2025-03-08 18:53:05.101527+00,false
68bbe302-33ca-429c-ac2f-94bf5b4ae5ed,1fe1032e-91fd-4540-b54b-5308b7c4eacf,Berlin Hack and Tell #55,https://www.youtube.com/watch?v=SEx25-QcRcM,,2024-10-29 18:40:29+00,false,false,SEx25-QcRcM,,,https://i.ytimg.com/vi/SEx25-QcRcM/mqdefault.jpg,2025-03-01 09:45:17.748337+00,false
69d182e3-f25b-4797-808f-b0e4784e05db,273f8114-8dab-4186-9c35-2aacf93b38d1,Trump's crypto venture piles up Ether and more ahead of White House Crypto Summit,https://qz.com/trump-piles-up-ether-white-house-crypto-summit-1851768055,,2025-03-06 17:08:00+00,false,false,,,,,2025-03-08 18:51:01.509897+00,false
6bb66d0e-afcf-4cf7-95f1-ccbbba5dad57,273f8114-8dab-4186-9c35-2aacf93b38d1,The price to listen to Alex Cooper and Howard Stern on SiriusXM might change â€” thanks to tariffs,https://qz.com/siriusxm-trump-tariffs-car-sales-1851768082,,2025-03-06 17:32:00+00,false,false,,,,,2025-03-08 18:51:01.509897+00,false
6c66ebb2-5a40-4ede-9df0-b167a7c7e85a,273f8114-8dab-4186-9c35-2aacf93b38d1,Nvidia stock falls 6% into a correction as the Nasdaq bleeds,https://qz.com/nvidia-falls-correction-nasdaq-bleeds-tariff-war-1851768225,,2025-03-06 21:56:43+00,false,false,,,,,2025-03-08 18:51:01.509897+00,false
6cebe28b-cd3c-4b2e-bf1f-f1b08a04323b,e4ee230d-5dfc-4bd8-8a7c-43d0d4957cb7,New video from UÄŸur ile YazÄ±lÄ±m,https://www.youtube.com/watch?v=0QRz5PrBEMw,,2025-03-08 18:53:06.822+00,false,false,,,,https://i.ytimg.com/vi/0QRz5PrBEMw/hqdefault.jpg,2025-03-08 18:53:06.007547+00,false
6fecfa85-81a8-4da7-872b-36ad7938e499,273f8114-8dab-4186-9c35-2aacf93b38d1,"Target's price hikes, Walmart's China strategy, and Starbucks' tough love: Retail news roundup",https://qz.com/target-walmart-starbucks-trump-tariffs-price-hikes-reta-1851768320,,2025-03-07 10:00:00+00,false,false,,,,,2025-03-08 18:51:01.509897+00,false
71305071-c8fd-4796-95a6-4803e3e7d6c1,273f8114-8dab-4186-9c35-2aacf93b38d1,"Boycott Amazon, Walmart and others today, group says: What to know about Economic Blackout Day",https://qz.com/blackout-day-amazon-walmart-fast-food-boycott-1851766358,,2025-02-28 14:51:00+00,false,false,,,,,2025-02-28 23:14:32.866096+00,false
715c4c54-e926-4da3-bb14-9b500d1529a2,273f8114-8dab-4186-9c35-2aacf93b38d1,Microsoft is pushing back against new AI chip restrictions,https://qz.com/ai-chip-exports-microsoft-trump-deepseek-china-1851766744,,2025-02-27 14:41:38+00,false,false,,,,,2025-02-28 23:14:32.866096+00,false
73713ecf-9f0c-4439-966e-bc63714fc5db,273f8114-8dab-4186-9c35-2aacf93b38d1,Stagflation could hit the economy next. Here's what it is and why it matters,https://qz.com/stagflation-may-make-its-first-return-in-50-years-what-1851767882,,2025-03-06 13:15:00+00,false,false,,,,,2025-03-08 18:51:01.509897+00,false
73b59cf9-fd58-455e-ab56-d288f8a3c49b,273f8114-8dab-4186-9c35-2aacf93b38d1,"Eli Lilly's big investment, cheaper Zepbound, and what's next for Hims & Hers: Pharma news roundup",https://qz.com/eli-lilly-zepbound-hims-hers-1851766914,,2025-02-28 10:00:00+00,false,false,,,,,2025-02-28 23:14:32.866096+00,false
7620c853-5363-42b9-bc33-2ff5f96a58b2,273f8114-8dab-4186-9c35-2aacf93b38d1,"Wegovy's price cut, Amgen's Ozempic competitor, and Big Pharma's tax cut: Pharma news roundup",https://qz.com/wegovy-ozempic-weight-loss-drugs-amgen-maritide-1851768247,,2025-03-07 10:00:00+00,false,false,,,,,2025-03-08 18:51:01.509897+00,false
787cc9b1-d769-4dbf-b1b6-5a24811809b2,273f8114-8dab-4186-9c35-2aacf93b38d1,Trump's trade war and Elon Musk's DOGE caused a 245% surge in layoff announcements,https://qz.com/trump-trade-war-doge-cuts-layoffs-covid-recession-1851768022,,2025-03-06 16:32:41+00,false,false,,,,,2025-03-08 18:51:01.509897+00,false
7a230577-8987-46f3-b934-a6f513a875c9,188992d0-7d48-4120-987b-87477bf511a2,YÄ°NE MÄ° DRAMA? - UFAK Ã‡APLI OLAYLAR | LOL YAYIN ANLARI 106,https://www.youtube.com/watch?v=CB33v5O-j4E,"LOL YayÄ±n AnlarÄ± derlemesinin yeni bÃ¶lÃ¼mÃ¼ne hoÅŸ geldiniz! Ä°zlediÄŸiniz iÃ§in teÅŸekkÃ¼rler, abone olmayÄ± unutmayÄ±nÄ±z...
Telif hakkÄ± ve kaldÄ±rtmak istediÄŸiniz iÃ§erikler iÃ§in ; afeliosskk@gmail.com
En uygun, en hÄ±zlÄ± RP'nin adresi : https://www.sonteklif.com/yayinci/Afelioss #Ä°ÅŸbirliÄŸi #Reklam #Sponsor 
Discord, klip paylaÅŸÄ±mÄ± ve sohbet iÃ§in; https://discord.gg/fAzUaR9fcE
Instagram: https://www.instagram.com/afelioss/
Twitter: https://x.com/azizafelioss

Intro: https://youtu.be/4R8EDBkjcZQ?si=S_1vDcaOoZivfF9h
Outro: https://www.youtube.com/watch?v=vD3CcxkZwbY

00:00 BW olayÄ± - Naru
01:40 BW olayÄ± - Jahrein
01:49 BW olayÄ± - Naru
02:50 BW olayÄ± - Jahrein
03:31 BW olayÄ± - Naru
03:44 BW olayÄ± - Jahrein
04:51 BW olayÄ± - wtcN
06:52 Intro
06:57 Bolulu
07:29 Crystal
07:58 Holyphoenix
08:18 Hansuo
08:49 Kassadinscreed
09:25 Larsahan
09:50 MalkoÃ§
10:05 Naru
10:24 Telch
10:42 wtcN
11:05 Zeitnot
11:44 Bolulu (edit hatasÄ± iÃ§in kb)
12:11 Crystal
12:44 Holyphoenix
13:10 Kassadinscreed
13:44 Larsahan
13:57 Naru
14:18 osman123
14:51 wtcN (yine mi hata?)
15:41 Zeitnot
16:11 Bolulu
16:56 Kassadinscreed
17:02 Crystal
17:25 Fabfab
17:47 MalkoÃ§
18:14 Outro
18:26 WTCN RAGE -kÃ¼fÃ¼r uyarÄ±sÄ±-
19:08 TeÅŸekkÃ¼rler
19:18 Bir tane daha
































































#zeitnot
#leagueoflegends 
#leagueoflegendstÃ¼rkiye 
#loltr 
#loltÃ¼rkiye 
#lolvideolarÄ±
#lillia 
#lolmontage 
#loloynanÄ±ÅŸ 
#lolplays 
#lolclips 
#esports 
#outplayed 
#lolrage 
#holyphoenixlol 
#zedxsmurf 
#gosu 
#crystal
#closer 
#uthenera
#naru
#ebonivonizliyor 
#archelaus 

Intro ve outro iÃ§in ilham aldÄ±ÄŸÄ±m kanal ;  @hmmcik",2025-02-15 08:07:53+00,false,false,CB33v5O-j4E,,,https://i.ytimg.com/vi/CB33v5O-j4E/mqdefault.jpg,2025-03-01 09:51:04.62904+00,false
7a2cf645-9155-479c-871a-ec6a634c5b0c,273f8114-8dab-4186-9c35-2aacf93b38d1,"Nvidia, Salesforce, Snowflakes, Warner Bros. Discovery, eBay: Stocks to watch today",https://qz.com/ebay-nvidia-salesforce-warner-bros-stocks-watch-today-1851766730,,2025-02-27 21:00:00+00,false,false,,,,,2025-02-28 23:14:32.866096+00,false
7a8a776f-59aa-44e5-bafb-0617c1fddcd8,273f8114-8dab-4186-9c35-2aacf93b38d1,Nvidia's strong earnings can't keep its stock from sliding â€” along with other chipmakers,https://qz.com/nvidia-stock-broadcom-micron-tsmc-intel-1851766774,,2025-02-27 15:48:29+00,false,false,,,,,2025-02-28 23:14:32.866096+00,false
7bbcac01-b9d3-4b5b-b234-6dd67db7a275,1fe1032e-91fd-4540-b54b-5308b7c4eacf,AI Yapay Olabilir ama Zeka DeÄŸil,https://www.youtube.com/watch?v=62uzy3MJaec,"Bu video 2024.11.02 tarihli ""JavaScript Adamâ€™la Yapay Zeka nedir, nasÄ±l yapÄ±lÄ±r?"" adlÄ± yayÄ±nÄ±n 01:38:26 - 01:59:06 sÃ¼releri arasÄ±ndan alÄ±nÄ±p dÃ¼zenlenmiÅŸtir.

Video 3 ParÃ§adan oluÅŸmaktadÄ±r. Bu video 1. parÃ§adÄ±r.
2. ParÃ§a: https://youtu.be/tTIAE7EP3Ys
3. ParÃ§a: (YakÄ±nda yÃ¼klenecek. KaÃ§Ä±rmamak iÃ§in bildirimleri aÃ§Ä±n)

Slayta ulaÅŸmak iÃ§in: https://slides.com/armaganamcalar/wtm-mas

YayÄ±na ulaÅŸmak iÃ§in: https://www.youtube.com/watch?v=p-w7lNoLWlU

Daha fazla iÃ§erik iÃ§in https://www.nimble.dev adresini ziyaret edebilirsiniz.",2024-12-16 14:00:05+00,false,false,62uzy3MJaec,,,https://i.ytimg.com/vi/62uzy3MJaec/mqdefault.jpg,2025-03-01 09:45:17.748337+00,false
7db27411-4f95-4975-87ef-9e00beb1d073,cb128b88-b87f-44e5-9a5d-59a4fb1d6ab2,GeÃ§miÅŸten BugÃ¼ne Antrenman HatalarÄ±mÄ±z @muhammetkodalak,https://www.youtube.com/watch?v=CEZT_xjMBKo,,2025-02-19 05:29:56+00,false,false,CEZT_xjMBKo,,,https://i.ytimg.com/vi/CEZT_xjMBKo/maxresdefault.jpg,2025-03-01 10:18:40.73332+00,false
7e9eaf30-eb6b-462f-93e5-1c143078095c,273f8114-8dab-4186-9c35-2aacf93b38d1,Apple is delaying Siriâ€™s AI upgrade,https://qz.com/apple-delay-llm-siri-ai-upgrade-1851768551,,2025-03-07 21:51:45+00,false,false,,,,,2025-03-08 18:51:01.509897+00,false
8107c7ac-2fba-4a65-9be9-97593b6316d3,188992d0-7d48-4120-987b-87477bf511a2,MUHTEÅEM BW-BGT MAÃ‡I! - ÅÄ°RKETÄ°N AI PROGRAMI | LOL YAYIN ANLARI 101,https://www.youtube.com/watch?v=toSnCXxSLWM,"LOL YayÄ±n AnlarÄ± derlemesinin yeni bÃ¶lÃ¼mÃ¼ne hoÅŸ geldiniz! Ä°zlediÄŸiniz iÃ§in teÅŸekkÃ¼rler, abone olmayÄ± unutmayÄ±nÄ±z...
Telif hakkÄ± ve kaldÄ±rtmak istediÄŸiniz iÃ§erikler iÃ§in ; afeliosskk@gmail.com
En uygun, en hÄ±zlÄ± RP'nin adresi : https://www.sonteklif.com/yayinci/Afelioss #Ä°ÅŸbirliÄŸi #Reklam #Sponsor 
Discord, klip paylaÅŸÄ±mÄ± ve sohbet iÃ§in; https://discord.gg/fAzUaR9fcE
Instagram: https://www.instagram.com/afelioss/
Twitter: https://x.com/azizafelioss

Intro: https://youtu.be/4R8EDBkjcZQ?si=S_1vDcaOoZivfF9h
Outro: https://www.youtube.com/watch?v=vD3CcxkZwbY

00:00 BW vs BGT BÄ°TMEYEN MAÃ‡
05:05 Intro
05:09 Armutlol
05:25 Bolululol
06:14 Crystal
06:45 Fabfab
07:16 Hansuo
07:38 Holyphoenix
08:17 Naru
08:50 ShawiKatami
09:29 Zedxsmurf
09:55 Zeitnot
10:17 Armutlol
10:45 Crystal
11:11 Fabfab
11:47 Hansuo
12:97 Holyphoenix
12:31 Larsahan
12:54 Naru
13:13 Archelaus
13:39 Telch
13:59 Zeitnot
14:34 Armutlol
14:53 Crystal
15:22 Bolulu
15:36 Zeitnot
16:37 Outro
16:51 Kim seninle kapÄ±ÅŸÄ±r?
17:26 TeÅŸekkÃ¼rler





























































#zeitnot
#leagueoflegends 
#leagueoflegendstÃ¼rkiye 
#loltr 
#loltÃ¼rkiye 
#lolvideolarÄ±
#lillia 
#lolmontage 
#loloynanÄ±ÅŸ 
#lolplays 
#lolclips 
#esports 
#outplayed 
#lolrage 
#holyphoenixlol 
#zedxsmurf 
#gosu 
#crystal
#closer 
#uthenera
#naru
#ebonivonizliyor 
#archelaus 

Intro ve outro iÃ§in ilham aldÄ±ÄŸÄ±m kanal ;  @hmmcik",2025-01-24 08:44:14+00,false,false,toSnCXxSLWM,,,https://i.ytimg.com/vi/toSnCXxSLWM/mqdefault.jpg,2025-03-01 09:51:04.62904+00,false
844d6f55-fddb-46df-85b4-e9e51b981b7b,273f8114-8dab-4186-9c35-2aacf93b38d1,The 5 most diverse major cities in America â€” and the 5 least,https://qz.com/most-least-diverse-major-us-cities-1851766623,,2025-02-27 10:00:00+00,false,false,,,,,2025-02-28 23:14:32.866096+00,false
8694c37c-fb2c-473a-b91f-736021d66ff0,1fe1032e-91fd-4540-b54b-5308b7c4eacf,AI Yapay Olabilir ama Zeka DeÄŸil - Part 3,https://www.youtube.com/watch?v=PMOrNWVPhCA,"Bu video 2024.11.02 tarihli ""JavaScript Adamâ€™la Yapay Zeka nedir, nasÄ±l yapÄ±lÄ±r?"" adlÄ± yayÄ±nÄ±n 02:12:41 - 02:24:39 sÃ¼releri arasÄ±ndan alÄ±nÄ±p dÃ¼zenlenmiÅŸtir.

Video 3 ParÃ§adan oluÅŸmaktadÄ±r. Bu video 3. parÃ§adÄ±r.
1. ParÃ§a: https://youtu.be/62uzy3MJaec
2. ParÃ§a: https://youtu.be/tTIAE7EP3Ys

Attention Is All You Need Paper - 2017:
- Paper: https://arxiv.org/pdf/1706.03762
- Wikipedia: https://en.wikipedia.org/wiki/Attention_Is_All_You_Need

YayÄ±na ulaÅŸmak iÃ§in: https://www.youtube.com/watch?v=p-w7lNoLWlU

Daha fazla iÃ§erik iÃ§in https://www.nimble.dev adresini ziyaret edebilirsiniz.",2024-12-29 17:00:18+00,false,false,PMOrNWVPhCA,,,https://i.ytimg.com/vi/PMOrNWVPhCA/mqdefault.jpg,2025-03-01 09:45:17.748337+00,false
86b77df8-e618-43e6-8994-547b792e9ade,273f8114-8dab-4186-9c35-2aacf93b38d1,Eli Lilly wants to make drugs in America. First it wants a tax cut,https://qz.com/eli-lilly-manufacturing-investment-us-tax-cut-1851766780,,2025-02-27 16:21:00+00,false,false,,,,,2025-02-28 23:14:32.866096+00,false
873e7fa0-53c6-4a73-8660-94d5f4d59eb7,1fe1032e-91fd-4540-b54b-5308b7c4eacf,New video from ArmaÄŸan Amcalar,https://www.youtube.com/watch?v=9u2EB5PrKmA,,2025-03-08 18:53:05.174+00,false,false,,,,https://i.ytimg.com/vi/9u2EB5PrKmA/hqdefault.jpg,2025-03-08 18:53:04.365697+00,false
87f0b297-5cc1-416d-a20c-130aff41878f,188992d0-7d48-4120-987b-87477bf511a2,BU AY DRAMAYA DOYDUK - HOLY OGUZKHAN | LOL YAYIN ANLARI 108,https://www.youtube.com/watch?v=ZYrcyOVsXq8,"LOL YayÄ±n AnlarÄ± derlemesinin yeni bÃ¶lÃ¼mÃ¼ne hoÅŸ geldiniz! Ä°zlediÄŸiniz iÃ§in teÅŸekkÃ¼rler, abone olmayÄ± unutmayÄ±nÄ±z...
Telif hakkÄ± ve kaldÄ±rtmak istediÄŸiniz iÃ§erikler iÃ§in ; afeliosskk@gmail.com
En uygun, en hÄ±zlÄ± RP'nin adresi : https://www.sonteklif.com/yayinci/Afelioss #Ä°ÅŸbirliÄŸi #Reklam #Sponsor 
Discord, klip paylaÅŸÄ±mÄ± ve sohbet iÃ§in; https://discord.gg/fAzUaR9fcE
Instagram: https://www.instagram.com/afelioss/
Twitter: https://x.com/azizafelioss

Intro: https://youtu.be/4R8EDBkjcZQ?si=S_1vDcaOoZivfF9h
Outro: https://www.youtube.com/watch?v=vD3CcxkZwbY

00:00 Naru - Drama
01:37 MalkoÃ§ - Drama
05:23 Intro
05:28 Armutlol
06:05 Crystal
06:31 Fabfab
07:17 Hansuo
08:07 Holyphoenix
08:31 Larsahan
08:54 MalkoÃ§
09:47 Naru
10:12 osman123
10:59 Revanche
11:31 Stansfield
12:14 wtcN
12:41 Zeitnot
12:59 Armutlol
13:49 Crystal
14:11 Fabfab
14:32 Hansuo
15:16 Kassadinscreed
15:53 MalkoÃ§
16:22 Naru
16:50 osman123
17:25 Telch
17:58 Trixucator
18:39 Zeitnot
19:15 Naru
19:29 Crystal
19:50 wtcN
20:57 MalkoÃ§
21:19 Outro
21:32 egirl
22:22 TeÅŸekkÃ¼rler
22:33 Mahvediyorum
22:48 tÃ¼m konuÅŸma





















































#zeitnot
#leagueoflegends 
#leagueoflegendstÃ¼rkiye 
#loltr 
#loltÃ¼rkiye 
#lolvideolarÄ±
#lillia 
#lolmontage 
#loloynanÄ±ÅŸ 
#lolplays 
#lolclips 
#esports 
#outplayed 
#lolrage 
#holyphoenixlol 
#zedxsmurf 
#gosu 
#crystal
#closer 
#uthenera
#naru
#ebonivonizliyor 
#archelaus 

Intro ve outro iÃ§in ilham aldÄ±ÄŸÄ±m kanal ;  @hmmcik",2025-02-23 17:41:26+00,false,false,ZYrcyOVsXq8,,,https://i.ytimg.com/vi/ZYrcyOVsXq8/mqdefault.jpg,2025-03-01 09:51:04.62904+00,false
883d8d40-446c-4ca5-8f44-7e304d457c00,e4ee230d-5dfc-4bd8-8a7c-43d0d4957cb7,"Cursor ile Kod YazdÄ±m, Her Åey Bozuldu | KeÅŸke BunlarÄ± Bilseydim",https://www.youtube.com/watch?v=tqcX6zrkBJA,"Bu videoda size cursor AI ile nasÄ±l daha iyi proje geliÅŸtirebiliriz ve cursor ile yazÄ±lÄ±m yapÄ±lÄ±r onu gÃ¶sterdim. Cursor AI kullanÄ±rken sÃ¼rekli projenin bozulmasÄ±, cursor'Ä±n yanlÄ±ÅŸ yapmasÄ± gibi durumlarda neler yapmamÄ±z gerektiÄŸiniz, cursorrules dosyasÄ±nÄ±n nasÄ±l kullanÄ±lacaÄŸÄ±nÄ± ve yapay zeka ile Ã¶rnek bir proje yaptÄ±m.


ğŸ‘ BeÄŸenmeyi, ğŸ’¬ yorum yapmayÄ± ve ğŸ”” abone olup bildirimleri aÃ§mayÄ± unutma!

ğŸš€ğŸš€ğŸš€ğŸš€
Cursor AI & Windsurf 101 Prompt E-KitabÄ±m Ã‡Ä±ktÄ±!
https://www.shopier.com/ShowProductNew/products.php?id=32991963 
ğŸš€ğŸš€ğŸš€ğŸš€


ğŸš€ Instagramdan beni takip ederek beni destekleyebilirsiniz:   https://www.instagram.com/ugur.keskekci/
https://www.instagram.com/remoteugur/

ğŸš€ Kalori sayma uygulamam App Store'da yayÄ±nda: https://apps.apple.com/us/app/my-calories-kalori-hesaplama/id6664053954

ğŸš€ TopluluÄŸumuza katÄ±lmak iÃ§in: 
Telegram: https://t.me/+9bs7kgDL_51jNzU8
Discord: https://discord.gg/74Z5kR2VXf

00:00 GiriÅŸ
00:45 Cursorrules DosyasÄ±
02:40 Yapay Zeka Modeli Sonnet GÃ¼ncel Versiyonu
03:56 Yapay Zekaya DetaylÄ± Prompt Yazmak
05:21 SÃ¼rekli Kodu BozmasÄ± ve Projenin Ã‡alÄ±ÅŸmamasÄ±
06:40 DetaylÄ± Rules DosyasÄ± ve Ã–rnek Proje 
12:20 KodlarÄ± ParÃ§alara AyÄ±rmak ve CursorÄ±n Kodu BozmasÄ±nÄ± Engellemek Ã–NEMLÄ°",2025-02-13 17:33:53+00,false,false,tqcX6zrkBJA,,,https://i.ytimg.com/vi/tqcX6zrkBJA/mqdefault.jpg,2025-03-01 10:12:33.450894+00,false
89a0ca3c-86ff-4510-b4bf-53f64f0aa1ea,cb128b88-b87f-44e5-9a5d-59a4fb1d6ab2,"Her Konuda @TunahanGuler ile VÃ¼cut GeliÅŸtirme - Diyet, Antrenman, YarÄ±ÅŸmalar",https://www.youtube.com/watch?v=hsaSC7szW5I,"podcast bÃ¶lÃ¼mÃ¼ ancak sayÄ±sÄ± ya da numarasÄ± yok Ã§Ã¼nkÃ¼ o zaman devam etmiyor

DanÄ±ÅŸma https://www.drgurayaydin.com/akademi
KoÃ§luklar https://www.drgurayaydin.com/programlar
Kendinize en uygun supplementleri GURAY10 indirim kodu ile https://www.proteinocean.com 'dan alabilirsiniz!",2024-12-17 19:38:49+00,false,false,hsaSC7szW5I,,,https://i.ytimg.com/vi/hsaSC7szW5I/maxresdefault.jpg,2025-03-01 10:18:40.73332+00,false
8ac620b1-56c5-44f8-9ea9-154271360a12,273f8114-8dab-4186-9c35-2aacf93b38d1,"Bitcoin fell all the way to $84,000 as Trump's crypto reserve failed to impress",https://qz.com/bitcoin-plunged-flat-trump-signed-bitcoin-reserve-order-1851768406,,2025-03-07 15:30:00+00,false,false,,,,,2025-03-08 18:51:01.509897+00,false
8bfe2567-5269-4085-bea8-229b094ad64f,273f8114-8dab-4186-9c35-2aacf93b38d1,The 5 states with the best dental health in America â€” and the 5 states with the worst,https://qz.com/dental-health-by-state-best-worst-2025-1851766552,,2025-03-06 10:00:00+00,false,false,,,,,2025-03-08 18:51:01.509897+00,false
90ba1044-be6a-4159-b23c-5012188cca47,273f8114-8dab-4186-9c35-2aacf93b38d1,"Walgreens once ruled. Then came Amazon, Theranos â€” and some costly bets",https://qz.com/walgreens-amazon-theranos-cvs-rite-aid-opioid-crisis-re-1851768411,,2025-03-07 16:53:00+00,false,false,,,,,2025-03-08 18:51:01.509897+00,false
90cf0a31-5ebe-49b9-a6dc-75e74912861b,cb128b88-b87f-44e5-9a5d-59a4fb1d6ab2,HAYIRLI SAHURLAR @3artÄ±1podcast,https://www.youtube.com/watch?v=SasaNTw5FDk,"podcast bÃ¶lÃ¼mÃ¼ ancak sayÄ±sÄ± ya da numarasÄ± yok Ã§Ã¼nkÃ¼ o zaman devam etmiyor
DanÄ±ÅŸma https://www.drgurayaydin.com/akademi
KoÃ§luklar https://www.drgurayaydin.com/programlar
Kendinize en uygun supplementleri GURAY10 indirim kodu ile https://www.proteinocean.com 'dan alabilirsiniz!

Videodaki bilgiler, sadece bilgilendirme amaÃ§lÄ± saÄŸlanmaktadÄ±r. Kanal Sahibi, videoda verilen bilgilerin tek baÅŸÄ±na bir saÄŸlÄ±k durumunu veya bir saÄŸlÄ±k sorununu teÅŸhis veya tedavi etmek iÃ§in kullanÄ±lmasÄ±nÄ± tavsiye etmez ve/veya bundan sorumlu tutulamaz.
HastalÄ±klar ve tedavi alanlarÄ± hakkÄ±nda konusunda uzman kiÅŸilerin; kiÅŸisel kanÄ±, deneyim ve gÃ¶rÃ¼ÅŸlerini iÃ§eren bilgiler yer almakta fakat teÅŸhis ve tedavi yÃ¶nlendirmesi yapÄ±lmamaktadÄ±r, hiÃ§bir bilgi bu ÅŸekilde algÄ±lanmamalÄ±dÄ±r. 
Videoda yer alan bilgiler bir hekime danÄ±ÅŸmanÄ±n yerine geÃ§mez.",2025-02-28 22:07:27+00,true,false,SasaNTw5FDk,,,https://i.ytimg.com/vi/SasaNTw5FDk/hqdefault.jpg,2025-03-01 10:18:40.73332+00,false
90f513ee-9b5c-4a2c-b64e-7b620656e815,188992d0-7d48-4120-987b-87477bf511a2,New video from Afelioss,https://www.youtube.com/watch?v=N60yDjw-418,,2025-03-08 18:53:05.911+00,false,false,,,,https://i.ytimg.com/vi/N60yDjw-418/hqdefault.jpg,2025-03-08 18:53:05.101527+00,false
93a584f9-c4f6-4e32-bd12-6282c557c0ba,273f8114-8dab-4186-9c35-2aacf93b38d1,Tesla stock just had its second-worst month ever as Elon Musk's investors turn jittery,https://qz.com/tesla-stock-bad-month-elon-musk-1851767073,,2025-02-28 21:05:00+00,false,false,,,,,2025-02-28 23:14:32.866096+00,false
95a6b7b8-d54e-4550-b145-fe4988fcc8c5,273f8114-8dab-4186-9c35-2aacf93b38d1,Starbucks CEO tells employees to work harder after layoffs,https://qz.com/starbucks-corporate-workers-big-fix-menu-cuts-1851767920,,2025-03-05 22:40:00+00,false,false,,,,,2025-03-08 18:51:01.509897+00,false
98c3d09b-db32-44e7-903b-1947ed84826b,273f8114-8dab-4186-9c35-2aacf93b38d1,Macy's stock slides as tariffs and soft guidance worry investors,https://qz.com/macys-q4-earnings-stock-close-stores-sales-tariffs-1851767991,,2025-03-06 14:35:47+00,false,false,,,,,2025-03-08 18:51:01.509897+00,false
9bde7c8b-4006-4a24-9815-4c0c9f5d9e6c,273f8114-8dab-4186-9c35-2aacf93b38d1,Trump's CFPB just let Capital One off the hook for $2 billion,https://qz.com/cfpb-dismiss-2-billion-capital-one-fraud-case-1851766872,,2025-02-27 21:58:29+00,false,false,,,,,2025-02-28 23:14:32.866096+00,false
9cd6ea35-bdb8-4e15-8a49-ac2f47a8da58,273f8114-8dab-4186-9c35-2aacf93b38d1,The top 6 gadget reveals of MWC 2025 that got the internet buzzing,https://qz.com/mwc-2025-gadget-reveal-samsung-leica-nothing-1851768240,,2025-03-07 19:07:20+00,false,false,,,,,2025-03-08 18:51:01.509897+00,false
9d34303e-af40-4490-9107-71491ef75419,188992d0-7d48-4120-987b-87477bf511a2,New video from Afelioss,https://www.youtube.com/watch?v=xq94a2SqGGs,,2025-03-08 18:53:05.911+00,false,false,,,,https://i.ytimg.com/vi/xq94a2SqGGs/hqdefault.jpg,2025-03-08 18:53:05.101527+00,false
a3d93a49-e3e0-4ee8-8f90-bfba8f20835e,273f8114-8dab-4186-9c35-2aacf93b38d1,"Trade wars have no winners, S&P economists say, trimming GDP forecasts",https://qz.com/trump-trade-war-growth-inflation-us-canada-mexico-china-1851768024,,2025-03-06 15:20:00+00,false,false,,,,,2025-03-08 18:51:01.509897+00,false
a7d35171-5e07-4459-8f3e-111747b78999,188992d0-7d48-4120-987b-87477bf511a2,WTCN'IN KARÅISINA BOTLAR GELÄ°YOR | LOL YAYIN ANLARI 107,https://www.youtube.com/watch?v=EqHw_rRVjg0,"LOL YayÄ±n AnlarÄ± derlemesinin yeni bÃ¶lÃ¼mÃ¼ne hoÅŸ geldiniz! Ä°zlediÄŸiniz iÃ§in teÅŸekkÃ¼rler, abone olmayÄ± unutmayÄ±nÄ±z...
Telif hakkÄ± ve kaldÄ±rtmak istediÄŸiniz iÃ§erikler iÃ§in ; afeliosskk@gmail.com
En uygun, en hÄ±zlÄ± RP'nin adresi : https://www.sonteklif.com/yayinci/Afelioss #Ä°ÅŸbirliÄŸi #Reklam #Sponsor 
Discord, klip paylaÅŸÄ±mÄ± ve sohbet iÃ§in; https://discord.gg/fAzUaR9fcE
Instagram: https://www.instagram.com/afelioss/
Twitter: https://x.com/azizafelioss

Intro: https://youtu.be/4R8EDBkjcZQ?si=S_1vDcaOoZivfF9h
Outro: https://www.youtube.com/watch?v=vD3CcxkZwbY

00:00 wtcN
01:20 Intro
01:25 Bolulu
01:46 Crystal
02:12 Fabfab
02:41 Farfetch
03:23 Hansuo
04:00 Holyphoenix
04:28 KassadinsCreed
04:44 Larsahan
05:08 Naru
05:55 osman123
06:17 Telch
06:57 Zeitnot
07:33 Bolulu
08:09 Crystal
08:32 Holyphoenix
08:48 Farfetch
09:12 Hansuo
09:40 KassadinsCreed
10:16 Larsahan
10:55 Naru
11:26 osman123
11:56 Revanche
12:26 Zeitnot
13:20 Crystal
13:43 Naru
14:18 Outro
14:30 0 9 adam lan!
14:44 burhi diss
15:33 TeÅŸekkÃ¼rler
15:42 YENGEÃ‡






























































#zeitnot
#leagueoflegends 
#leagueoflegendstÃ¼rkiye 
#loltr 
#loltÃ¼rkiye 
#lolvideolarÄ±
#lillia 
#lolmontage 
#loloynanÄ±ÅŸ 
#lolplays 
#lolclips 
#esports 
#outplayed 
#lolrage 
#holyphoenixlol 
#zedxsmurf 
#gosu 
#crystal
#closer 
#uthenera
#naru
#ebonivonizliyor 
#archelaus 

Intro ve outro iÃ§in ilham aldÄ±ÄŸÄ±m kanal ;  @hmmcik",2025-02-19 09:19:15+00,false,false,EqHw_rRVjg0,,,https://i.ytimg.com/vi/EqHw_rRVjg0/mqdefault.jpg,2025-03-01 09:51:04.62904+00,false
a9655a4d-91e5-4656-907d-f0c188b46038,273f8114-8dab-4186-9c35-2aacf93b38d1,10 high-paying and fast-growing jobs that don't require a college degree,https://qz.com/best-jobs-highest-pay-no-college-degree-1851766192,,2025-02-28 10:00:00+00,false,false,,,,,2025-02-28 23:14:32.866096+00,false
a9693733-3202-4dae-ac8e-a085f1759272,e4ee230d-5dfc-4bd8-8a7c-43d0d4957cb7,Yeni BaÅŸlayanlar Ä°Ã§in Windsurf AI Rehberi | Windsurf AI KullanÄ±mÄ±,https://www.youtube.com/watch?v=66YYwetZpGo,"ğŸŒŸ Windsurf AI ile yazÄ±lÄ±m geliÅŸtirmeyi Ã¶ÄŸrenmek isteyenler iÃ§in temel rehber! Bu videoda, yapay zeka destekli araÃ§la proje oluÅŸturma, rules dosyalarÄ±nÄ± ekleme ve Ã¶rnek bir uygulama geliÅŸtirme adÄ±mlarÄ±nÄ± anlatÄ±yorum. Windsurf AIâ€™Ä±n hÄ±zlÄ± kurulumu, pratik kullanÄ±mÄ± ve kodlama sÃ¼recini nasÄ±l kolaylaÅŸtÄ±rdÄ±ÄŸÄ±nÄ± keÅŸfedin.

ğŸ‘ BeÄŸenmeyi, ğŸ’¬ yorum yapmayÄ± ve ğŸ”” abone olup bildirimleri aÃ§mayÄ± unutma!

ğŸš€ğŸš€ğŸš€ğŸš€
Cursor AI & Windsurf 101 Prompt E-KitabÄ±m Ã‡Ä±ktÄ±!
https://www.shopier.com/ShowProductNew/products.php?id=32991963 
ğŸš€ğŸš€ğŸš€ğŸš€


ğŸš€ Instagramdan beni takip ederek beni destekleyebilirsiniz:   https://www.instagram.com/ugur.keskekci/
https://www.instagram.com/remoteugur/

ğŸš€ Kalori sayma uygulamam App Store'da yayÄ±nda: https://apps.apple.com/us/app/my-calories-kalori-hesaplama/id6664053954

ğŸš€ TopluluÄŸumuza katÄ±lmak iÃ§in: 
Telegram: https://t.me/+9bs7kgDL_51jNzU8
Discord: https://discord.gg/74Z5kR2VXf

00:00 GiriÅŸ
01:02 Windsurf Ä°ndirme ve FiyatlarÄ±
02:55 Windsurf KullanÄ±mÄ±
03:25 Windsurf Rules DosyalarÄ± ve KullanÄ±mÄ±
06:40 Windsurf ve Cursor Rehber KitabÄ± 
07:49 Rules DosyalarÄ± ile Proje Kurulumu
12:58 Videoda KÃ¼Ã§Ã¼k Bir Hata AÃ§Ä±klamasÄ± Ã–NEMLÄ°
15:22 KapanÄ±ÅŸ",2025-02-06 18:48:13+00,false,false,66YYwetZpGo,,,https://i.ytimg.com/vi/66YYwetZpGo/mqdefault.jpg,2025-03-01 10:12:33.450894+00,false
ac724d30-b64c-4ce7-b55f-b1637d12ec18,273f8114-8dab-4186-9c35-2aacf93b38d1,SpaceX's Starship megarocket exploded and rained debris for the second time in a row,https://qz.com/spacex-starship-rocket-explode-debris-elon-musk-faa-1851768365,,2025-03-07 14:48:43+00,false,false,,,,,2025-03-08 18:51:01.509897+00,false
adabe1a3-9562-4dd4-9aac-5f0edbf45fde,273f8114-8dab-4186-9c35-2aacf93b38d1,Elon Musk's SpaceX says it's not trying to take over Verizon's $2.4 billion FAA contract,https://qz.com/spacex-starlink-verizon-faa-contract-elon-musk-1851767924,,2025-03-05 21:56:34+00,false,false,,,,,2025-03-08 18:51:01.509897+00,false
ae8674c8-e130-4e4a-b979-1d261d0e6b76,273f8114-8dab-4186-9c35-2aacf93b38d1,South by Southwest starts today. Here's what to watch,https://qz.com/south-by-southwest-2025-what-to-watch-1851768100,,2025-03-07 11:21:37+00,false,false,,,,,2025-03-08 18:51:01.509897+00,false
b0a0ac39-7b4f-4cb8-9703-0e94662e8656,1fe1032e-91fd-4540-b54b-5308b7c4eacf,Building with the OpenServ Agent Framework,https://www.youtube.com/watch?v=e8MeWDspwL4,"Join us for the official launch of the OpenServ Agent Framework! I (Armagan), the CTO of OpenServ, will walk through everything there is to know about this groundbreaking release and will kickoff the first in a series of agent builds using the framework. Sit back and enjoy!",2025-01-02 18:53:46+00,false,false,e8MeWDspwL4,,,https://i.ytimg.com/vi/e8MeWDspwL4/mqdefault.jpg,2025-03-01 09:45:17.748337+00,false
b378d777-56f5-4f5b-b66f-15d18ecff715,e4ee230d-5dfc-4bd8-8a7c-43d0d4957cb7,"Cursor AI ile Admin Panel - Kod Yazmadan E-Ticaret Sitesi Yapmak #3 (Nextjs, Tailwind, Supabase)",https://www.youtube.com/watch?v=zKnKCpvG-Gc,"Bu videoda, Cursor AI ile e-ticaret sitemizin backend entegrasyonunu supabase ile yaptÄ±k ve verilerimizi databaseden Ã§ekiyoruz! E-ticaret Sitemizi admin panel Ã¼zerinden yÃ¶netmeye baÅŸladÄ±k. Yapay zeka, sadece kod yazmakla kalmadÄ±, aynÄ± zamanda database entegrasyonunu baÅŸarÄ±lÄ± bir ÅŸekilde yaptÄ±. Next.js, Tailwind CSS ve Supabase kullanarak, kod yazmadan nasÄ±l profesyonel bir e-ticaret sitesi yapÄ±labileceÄŸini adÄ±m adÄ±m gÃ¶steriyorum. Yapay zeka ile yazÄ±lÄ±m geliÅŸtirme artÄ±k Ã§ok daha kolay! ğŸš€



ğŸ‘ BeÄŸenmeyi, ğŸ’¬ yorum yapmayÄ± ve ğŸ”” abone olup bildirimleri aÃ§mayÄ± unutma!

ğŸš€ğŸš€ğŸš€ğŸš€
Cursor AI & Windsurf 101 Prompt E-KitabÄ±m Ã‡Ä±ktÄ±!
https://www.shopier.com/ShowProductNew/products.php?id=32991963 
ğŸš€ğŸš€ğŸš€ğŸš€


ğŸš€ Instagramdan beni takip ederek beni destekleyebilirsiniz:   https://www.instagram.com/ugur.keskekci/
https://www.instagram.com/remoteugur/

ğŸš€ Kalori sayma uygulamam App Store'da yayÄ±nda: https://apps.apple.com/us/app/my-calories-kalori-hesaplama/id6664053954

ğŸš€ TopluluÄŸumuza katÄ±lmak iÃ§in: 
Telegram: https://t.me/+9bs7kgDL_51jNzU8
Discord: https://discord.gg/7gJszuwn

AyrÄ±calÄ±klardan yararlanmak iÃ§in bu kanala katÄ±lÄ±n:
https://www.youtube.com/channel/UCUfRsfirIzYWaVe54w13Uxg/join

00:00 GiriÅŸ
02:44 E-Ticaret Sitesi Ã–zet
03:34 Cursor AI ile Supabase Entegrasyonuna BaÅŸlama
12:00 Supabase Ãœzerinden ÃœrÃ¼nleri Ekleme, Silme, DeÄŸiÅŸtirme Ä°ÅŸlemleri",2025-02-24 10:15:05+00,false,false,zKnKCpvG-Gc,,,https://i.ytimg.com/vi/zKnKCpvG-Gc/mqdefault.jpg,2025-03-01 10:12:33.450894+00,false
b3bb4b49-9450-45d8-a598-067e2bea5304,cb128b88-b87f-44e5-9a5d-59a4fb1d6ab2,#1 Hedef Belirlemek @gokalaf,https://www.youtube.com/watch?v=rQXEq0XH2f4,"Hayata dair fikirlerin ve tecrÃ¼belerin konuÅŸulduÄŸu bir program

DanÄ±ÅŸma https://www.drgurayaydin.com/akademi
KoÃ§luklar https://www.drgurayaydin.com/programlar
Kendinize en uygun supplementleri GURAY10 indirim kodu ile https://www.proteinocean.com 'dan alabilirsiniz!",2025-02-13 23:12:35+00,false,false,rQXEq0XH2f4,,,https://i.ytimg.com/vi/rQXEq0XH2f4/maxresdefault.jpg,2025-03-01 10:18:40.73332+00,false
b40bbfa5-3f65-42c3-bb0c-1f406fd60252,273f8114-8dab-4186-9c35-2aacf93b38d1,Warner Bros. Discovery stock spikes 10% because the streaming growth outlook is strong,https://qz.com/warner-earnings-stock-streaming-harry-potter-1851766851,,2025-02-27 19:02:09+00,false,false,,,,,2025-02-28 23:14:32.866096+00,false
b588575e-3132-4973-aed0-44dc16bf52ab,cb128b88-b87f-44e5-9a5d-59a4fb1d6ab2,New video from GÃ¼ray AydÄ±n,https://www.youtube.com/watch?v=4GiZSncW46Q,,2025-03-08 18:53:07.713+00,false,false,,,,https://i.ytimg.com/vi/4GiZSncW46Q/hqdefault.jpg,2025-03-08 18:53:06.89833+00,false
b6335982-8d81-4f36-a2cb-4ea12c8ff1bd,273f8114-8dab-4186-9c35-2aacf93b38d1,Nvidia beat earnings expectations again. Here's what comes next,https://qz.com/nvidia-q4-earnings-gtc-blackwell-ultra-rubin-ai-chip-1851766868,,2025-02-27 22:00:37+00,false,false,,,,,2025-02-28 23:14:32.866096+00,false
b804bc80-dea8-45d8-aa86-dc491f2a1b4e,273f8114-8dab-4186-9c35-2aacf93b38d1,The 10 deadliest National Parks in America,https://qz.com/us-national-parks-deadliest-most-dangerous-fatalities-1851767358,,2025-03-07 10:00:00+00,false,false,,,,,2025-03-08 18:51:01.509897+00,false
b80af396-f749-4ac9-ba9b-d70c953db073,273f8114-8dab-4186-9c35-2aacf93b38d1,Trump hits pause on Canada and Mexico tariffs â€” again,https://qz.com/trump-tariffs-mexico-suspend-sheinbaum-canada-trudeau-1851768076,,2025-03-06 20:40:00+00,false,false,,,,,2025-03-08 18:51:01.509897+00,false
b951dbe1-2339-448f-bc44-60969411f90c,273f8114-8dab-4186-9c35-2aacf93b38d1,Bitcoin has bled 25% in a month despite Trump. How low can it go?,https://qz.com/bitcoin-bleeding-despite-trump-bitcoin-etf-sec-coinbase-1851767007,,2025-02-28 16:01:00+00,false,false,,,,,2025-02-28 23:14:32.866096+00,false
b95d4e9e-2dc2-4853-ab30-c0c89af259c6,273f8114-8dab-4186-9c35-2aacf93b38d1,"Trump says more tariffs on China, Canada, and Mexico are coming soon",https://qz.com/trump-tariff-china-canada-mexico-fentanyl-food-auto-eu-1851766742,,2025-02-27 14:58:48+00,false,false,,,,,2025-02-28 23:14:32.866096+00,false
bb0bb95a-9c49-4dcc-a196-c2879fdffe2e,273f8114-8dab-4186-9c35-2aacf93b38d1,Nvidia's record earnings reveal just 3 customers make up 30% of revenue,https://qz.com/nvidia-customers-alphabet-amazon-meta-microsoft-tesla-1851766924,,2025-02-27 21:55:00+00,false,false,,,,,2025-02-28 23:14:32.866096+00,false
bb7fc52e-5839-4e16-b9aa-95bee859a659,273f8114-8dab-4186-9c35-2aacf93b38d1,The Pentagon is upping its bet on AI. Here's what it means for the military,https://qz.com/pentagon-scale-ai-us-military-china-1851767958,,2025-03-06 20:58:00+00,false,false,,,,,2025-03-08 18:51:01.509897+00,false
bc9f5bea-26ab-416e-89bb-fdfbad4893de,188992d0-7d48-4120-987b-87477bf511a2,CLOSER Ä°LK LEC MAÃ‡LARINDA! LOL YAYIN ANLARI 100,https://www.youtube.com/watch?v=LYPIoQpLPXc,"LOL YayÄ±n AnlarÄ± derlemesinin yeni bÃ¶lÃ¼mÃ¼ne hoÅŸ geldiniz! Ä°zlediÄŸiniz iÃ§in teÅŸekkÃ¼rler, abone olmayÄ± unutmayÄ±nÄ±z...
Telif hakkÄ± ve kaldÄ±rtmak istediÄŸiniz iÃ§erikler iÃ§in ; afeliosskk@gmail.com
En uygun, en hÄ±zlÄ± RP'nin adresi : https://www.sonteklif.com/yayinci/Afelioss #Ä°ÅŸbirliÄŸi #Reklam #Sponsor 
Discord, klip paylaÅŸÄ±mÄ± ve sohbet iÃ§in; https://discord.gg/fAzUaR9fcE
Instagram: https://www.instagram.com/afelioss/
Twitter: https://x.com/azizafelioss

Intro: https://youtu.be/4R8EDBkjcZQ?si=S_1vDcaOoZivfF9h
Outro: https://www.youtube.com/watch?v=vD3CcxkZwbY

00:00 MalkoÃ§
00:46 Intro
00:51 Closer
01:23 Crystal
01:45 Fabfab
02:06 Bolulu
02:25 Hansuo
02:47 Holyphoenix
03:05 Larsahan
03:46 MalkoÃ§
04:18 Naru
05:09 Zedxsmurf
05:40 Zeitnot
06:05 Closer
06:53 Crystal
07:11 Fabfab
07:43 Bolulu
08:18 Hansuo
08:51 Larsahan
09:17 MalkoÃ§
09:51 3K like
09:56 Naru
10:16 Zedxsmurf
10:34 Zeitnot
10.51 MalkoÃ§
11:10 Hansuo
11:38 Naru
12:04 Zedxsmurf
12:20 Holyphoenix
12:46 Bolulu
13:09 Outro
13:22 ÅÄ°RKET Ã‡ALIÅANI
13:35 TeÅŸekkÃ¼rler
13:45 CLOSERRR



















































#zeitnot
#leagueoflegends 
#leagueoflegendstÃ¼rkiye 
#loltr 
#loltÃ¼rkiye 
#lolvideolarÄ±
#lillia 
#lolmontage 
#loloynanÄ±ÅŸ 
#lolplays 
#lolclips 
#esports 
#outplayed 
#lolrage 
#holyphoenixlol 
#zedxsmurf 
#gosu 
#crystal
#closer 
#uthenera
#naru
#ebonivonizliyor 
#archelaus 

Intro ve outro iÃ§in ilham aldÄ±ÄŸÄ±m kanal ;  @hmmcik",2025-01-20 15:28:44+00,false,false,LYPIoQpLPXc,,,https://i.ytimg.com/vi/LYPIoQpLPXc/mqdefault.jpg,2025-03-01 09:51:04.62904+00,false
bd1b0f6b-a938-4a64-ae3f-4c6ac91414ef,273f8114-8dab-4186-9c35-2aacf93b38d1,Tesla's stock wipeout has hit Elon Musk's net worth by more than $150 billion this year,https://qz.com/elon-musk-tesla-net-worth-loss-1851768417,,2025-03-07 16:44:46+00,false,false,,,,,2025-03-08 18:51:01.509897+00,false
bee6a490-ca69-4bda-abef-301ee19e3be4,273f8114-8dab-4186-9c35-2aacf93b38d1,"Walmart and Warren Buffett on tariffs, a Target boycott, Starbucks layoffs: Business news roundup",https://qz.com/trump-tariffs-food-prices-walmart-target-warren-buffett-1851768467,,2025-03-08 14:00:00+00,false,false,,,,,2025-03-08 18:51:01.509897+00,false
c2f4f80a-1695-45ff-a092-d0c76317bd94,e4ee230d-5dfc-4bd8-8a7c-43d0d4957cb7,New video from UÄŸur ile YazÄ±lÄ±m,https://www.youtube.com/watch?v=frCaSV5K8U4,,2025-03-08 18:53:06.822+00,false,false,,,,https://i.ytimg.com/vi/frCaSV5K8U4/hqdefault.jpg,2025-03-08 18:53:06.007547+00,false
c36d691a-63eb-4dd9-b4fb-e9877350a0d3,cb128b88-b87f-44e5-9a5d-59a4fb1d6ab2,Antrenman ve bazÄ± konularda @aÄŸÄ±rsaÄŸlam 'Ä± darladÄ±m,https://www.youtube.com/watch?v=MueXMvqYBhI,"podcast bÃ¶lÃ¼mÃ¼ ancak sayÄ±sÄ± ya da numarasÄ± yok Ã§Ã¼nkÃ¼ o zaman devam etmiyor

DanÄ±ÅŸma https://www.drgurayaydin.com/akademi
KoÃ§luklar https://www.drgurayaydin.com/programlar
Kendinize en uygun supplementleri GURAY10 indirim kodu ile https://www.proteinocean.com 'dan alabilirsiniz!",2024-12-09 22:31:15+00,false,false,MueXMvqYBhI,,,https://i.ytimg.com/vi/MueXMvqYBhI/maxresdefault.jpg,2025-03-01 10:18:40.73332+00,false
c4f4b60c-16e1-4878-a841-1b90eed7b572,1fe1032e-91fd-4540-b54b-5308b7c4eacf,OpenAI DevDay London'da Ne Oldu?,https://www.youtube.com/watch?v=TQ9rYrUrxA8,"Bu video 2024.11.02 tarihli ""JavaScript Adamâ€™la Yapay Zeka nedir, nasÄ±l yapÄ±lÄ±r?"" adlÄ± yayÄ±nÄ±n 02:40:50 - 02:59:10 sÃ¼releri arasÄ±ndan alÄ±nÄ±p dÃ¼zenlenmiÅŸtir.

YayÄ±na ulaÅŸmak iÃ§in: https://www.youtube.com/watch?v=p-w7lNoLWlU

Daha fazla iÃ§erik iÃ§in https://www.nimble.dev adresini ziyaret edebilirsiniz.",2024-12-05 20:29:18+00,false,false,TQ9rYrUrxA8,,,https://i.ytimg.com/vi/TQ9rYrUrxA8/mqdefault.jpg,2025-03-01 09:45:17.748337+00,false
c5ea8151-65d6-4b0d-971c-eadbf674bc56,e4ee230d-5dfc-4bd8-8a7c-43d0d4957cb7,"Startup Kurarken Bir GÃ¼nÃ¼m - Yapay Zeka ile Kod Yazmak (Cursor, Windsurf)",https://www.youtube.com/watch?v=2-zD58cg3UQ,"Startup kurma sÃ¼recinde bir yazÄ±lÄ±mcÄ±nÄ±n gÃ¼nlÃ¼k rutini ve yapay zeka araÃ§larÄ±yla kod yazma deneyimlerim bu videoda! Cursor AI ve Windsurf AI gibi araÃ§larÄ± nasÄ±l kullandÄ±ÄŸÄ±mÄ±, yapay zeka ile yazÄ±lÄ±m geliÅŸtirmenin verimliliÄŸe etkisini, ve startupâ€™Ä±mÄ± bÃ¼yÃ¼tÃ¼rken karÅŸÄ±laÅŸtÄ±ÄŸÄ±m zorluklarÄ± anlattÄ±m.

ğŸ‘ BeÄŸenmeyi, ğŸ’¬ yorum yapmayÄ± ve ğŸ”” abone olup bildirimleri aÃ§mayÄ± unutma!

ğŸš€ğŸš€ğŸš€ğŸš€
Cursor AI & Windsurf 101 Prompt E-KitabÄ±m Ã‡Ä±ktÄ±!
https://www.shopier.com/ShowProductNew/products.php?id=32991963 
ğŸš€ğŸš€ğŸš€ğŸš€


ğŸš€ Instagramdan beni takip ederek beni destekleyebilirsiniz:   https://www.instagram.com/ugur.keskekci/
https://www.instagram.com/remoteugur/

ğŸš€ Kalori sayma uygulamam App Store'da yayÄ±nda: https://apps.apple.com/us/app/my-calories-kalori-hesaplama/id6664053954

ğŸš€ TopluluÄŸumuza katÄ±lmak iÃ§in: 
Telegram: https://t.me/+9bs7kgDL_51jNzU8
Discord: https://discord.gg/8ewmkN9h


ğŸ”»
""Sappheiros - Dawn"" is under a Creative Commons (BY 3.0) license:
https://creativecommons.org/licenses/...
https://open.spotify.com/artist/5ZVHX...
Music powered by BreakingCopyright:    â€¢ ğŸ›€ Calm Music (No Copyright) 
ğŸ”º",2025-02-10 17:12:00+00,false,false,2-zD58cg3UQ,,,https://i.ytimg.com/vi/2-zD58cg3UQ/mqdefault.jpg,2025-03-01 10:12:33.450894+00,false
c75fca09-6b44-4ff8-b351-20e70f5f4d67,cb128b88-b87f-44e5-9a5d-59a4fb1d6ab2,"Sporu bÄ±rakmak, sokak lezzetleri ve geri dÃ¶nÃ¼ÅŸ @emrebaass",https://www.youtube.com/watch?v=KDsknSGikGs,"podcast bÃ¶lÃ¼mÃ¼ ancak sayÄ±sÄ± ya da numarasÄ± yok Ã§Ã¼nkÃ¼ o zaman devam etmiyor

DanÄ±ÅŸma https://www.drgurayaydin.com/akademi
KoÃ§luklar https://www.drgurayaydin.com/programlar
Kendinize en uygun supplementleri GURAY10 indirim kodu ile https://www.proteinocean.com 'dan alabilirsiniz!",2024-12-11 21:07:51+00,false,false,KDsknSGikGs,,,https://i.ytimg.com/vi/KDsknSGikGs/maxresdefault.jpg,2025-03-01 10:18:40.73332+00,false
c7ac46b0-8a39-4ba6-88b3-c29b52de37a8,273f8114-8dab-4186-9c35-2aacf93b38d1,The unemployment rate sees a surprise uptick as new jobs fall short of expectations,https://qz.com/february-2025-jobs-payrolls-report-tariffs-inflation-1851768174,,2025-03-07 15:05:00+00,false,false,,,,,2025-03-08 18:51:01.509897+00,false
c7d2c7e3-24af-4f12-a5cd-6a181e27606f,e4ee230d-5dfc-4bd8-8a7c-43d0d4957cb7,Cursor AI Bu Sefer ÅaÅŸÄ±rttÄ± - Yapay Zeka Ä°le YazÄ±lÄ±m GeliÅŸtirme,https://www.youtube.com/watch?v=Bw0NZd9Eg4c,,2025-02-21 13:54:24+00,false,false,Bw0NZd9Eg4c,,,https://i.ytimg.com/vi/Bw0NZd9Eg4c/mqdefault.jpg,2025-03-01 10:12:33.450894+00,false
c7f8da30-f7b9-4145-9d13-da7fdf5a3c48,273f8114-8dab-4186-9c35-2aacf93b38d1,America's economy is flashing warning signs of a slowdown,https://qz.com/u-s-economy-slowdown-gdp-home-sales-job-data-decline-1851766787,,2025-02-27 16:33:05+00,false,false,,,,,2025-02-28 23:14:32.866096+00,false
c8646b8e-de41-4c03-ba17-f473a2ef60a8,273f8114-8dab-4186-9c35-2aacf93b38d1,Subway is bringing back the discounted footlong. Here's what you get for $6.99,https://qz.com/subway-offers-6-99-footlongs-via-its-app-1851766734,,2025-02-27 14:10:54+00,false,false,,,,,2025-02-28 23:14:32.866096+00,false
c8a940e2-12aa-4511-8f5e-2899f6eab0b4,273f8114-8dab-4186-9c35-2aacf93b38d1,Walmart hopes China can save it from Trumpâ€™s tariffs,https://qz.com/walmart-trump-tariffs-china-suppliers-consumer-trade-wa-1851768038,,2025-03-06 16:40:00+00,false,false,,,,,2025-03-08 18:51:01.509897+00,false
c8d3d798-16c8-4504-9550-23e0afa68277,273f8114-8dab-4186-9c35-2aacf93b38d1,"The 8 best used cars for less than $20,000, according to Consumer Reports",https://qz.com/best-cheap-used-cars-2025-consumer-reports-1851765456,,2025-02-27 10:00:00+00,false,false,,,,,2025-02-28 23:14:32.866096+00,false
c92be7a7-3740-4d02-b8bf-65ba7f299214,e4ee230d-5dfc-4bd8-8a7c-43d0d4957cb7,"Cursor AI ile Kod Yazmadan E-Ticaret Sitesi Yapmak (Nextjs, Tailwind CSS, Supabase)",https://www.youtube.com/watch?v=wRlSywgNSbY,"Bu videoda sizlerle birlikte modern bir e ticaret sitesini kod yazmadan cursor ai ile geliÅŸtireceÄŸiz ve web sitesi yapma sÃ¼recini adÄ±m adÄ±m anlatacaÄŸÄ±m. Bu projede supabase, next js ve Tailwind CSS teknolojileri ile web development sÃ¼recini detaylÄ±ca ele alacak ve video serisi halinde tamamlayacaÄŸÄ±z! 


ğŸ‘ BeÄŸenmeyi, ğŸ’¬ yorum yapmayÄ± ve ğŸ”” abone olup bildirimleri aÃ§mayÄ± unutma!

ğŸš€ğŸš€ğŸš€ğŸš€
Cursor AI & Windsurf 101 Prompt E-KitabÄ±m Ã‡Ä±ktÄ±!
https://www.shopier.com/ShowProductNew/products.php?id=32991963 
ğŸš€ğŸš€ğŸš€ğŸš€


ğŸš€ Instagramdan beni takip ederek beni destekleyebilirsiniz:   https://www.instagram.com/ugur.keskekci/
https://www.instagram.com/remoteugur/

ğŸš€ Kalori sayma uygulamam App Store'da yayÄ±nda: https://apps.apple.com/us/app/my-calories-kalori-hesaplama/id6664053954

ğŸš€ TopluluÄŸumuza katÄ±lmak iÃ§in: 
Telegram: https://t.me/+9bs7kgDL_51jNzU8
Discord: https://discord.gg/mTq6jpq3

AyrÄ±calÄ±klardan yararlanmak iÃ§in bu kanala katÄ±lÄ±n:
https://www.youtube.com/channel/UCUfRsfirIzYWaVe54w13Uxg/join

00:00 GiriÅŸ
01:20 Deepseek ile Projenin DetaylarÄ±nÄ± KonuÅŸmak ve cursorrules DosyasÄ±
02:27 Nextjs Projesi Kurulumu
03:57 cursorrules DosyasÄ±nÄ± OluÅŸturma ve DÃ¼zenleme
06:40 AnasayfayÄ± OluÅŸturma ve Projeyi Cursor'a Anlatma
10:20 KatÄ±l Ãœyelikleri HakkÄ±nda
16:16 ÃœrÃ¼nler SayfasÄ±nÄ± OluÅŸturma
20:11 Anasayfa Hero KÄ±smÄ±nÄ± DÃ¼zenleme 
25:15 KapanÄ±ÅŸ",2025-02-19 12:16:08+00,false,false,wRlSywgNSbY,,,https://i.ytimg.com/vi/wRlSywgNSbY/mqdefault.jpg,2025-03-01 10:12:33.450894+00,false
c9502062-e91c-415a-8d2f-633bb32fd130,188992d0-7d48-4120-987b-87477bf511a2,New video from Afelioss,https://www.youtube.com/watch?v=yUuK70on3ow,,2025-03-08 18:53:05.911+00,false,false,,,,https://i.ytimg.com/vi/yUuK70on3ow/hqdefault.jpg,2025-03-08 18:53:05.101527+00,false
c9ce5afa-357c-4976-b3e5-7f329a51da6f,273f8114-8dab-4186-9c35-2aacf93b38d1,ğŸŒ McDonald's is keeping eggs cheap,https://qz.com/emails/daily-brief/1851766697/mcdonalds-eggs-tesla-trump-alexa-bitcoin-daily-brief,,2025-02-27 10:55:00+00,false,false,,,,,2025-02-28 23:14:32.866096+00,false
cd062bc3-773b-4396-82cf-35b6fc4c546b,cb128b88-b87f-44e5-9a5d-59a4fb1d6ab2,Eski Samimiyet? @gokalaf,https://www.youtube.com/watch?v=Bvvh7nbpDrc,"podcast bÃ¶lÃ¼mÃ¼ ancak sayÄ±sÄ± ya da numarasÄ± yok Ã§Ã¼nkÃ¼ o zaman devam etmiyor

DanÄ±ÅŸma https://www.drgurayaydin.com/akademi
KoÃ§luklar https://www.drgurayaydin.com/programlar
Kendinize en uygun supplementleri GURAY10 indirim kodu ile https://www.proteinocean.com 'dan alabilirsiniz!",2025-01-20 21:24:33+00,false,false,Bvvh7nbpDrc,,,https://i.ytimg.com/vi/Bvvh7nbpDrc/maxresdefault.jpg,2025-03-01 10:18:40.73332+00,false
cf984596-798f-4269-9ab1-47874ef6d9dc,273f8114-8dab-4186-9c35-2aacf93b38d1,Pfizer quietly made some big DEI changes,https://qz.com/pfizer-dei-webpage-changes-1851767006,,2025-02-28 16:29:00+00,false,false,,,,,2025-02-28 23:14:32.866096+00,false
d29c637e-52db-4a48-825b-929bc36f68d3,273f8114-8dab-4186-9c35-2aacf93b38d1,"Nvidia, Super Micro Computer, Dell, Rocket Lab, and more: Stocks to watch today",https://qz.com/nvidia-super-micro-dell-rocket-lab-stocks-to-watch-1851766977,,2025-02-28 17:40:00+00,false,false,,,,,2025-02-28 23:14:32.866096+00,false
d424617a-bce8-4f37-8636-9e2f90c14d5e,188992d0-7d48-4120-987b-87477bf511a2,ARÅÄ°V UNUTMAZ. | LOL YAYIN ANLARI 103,https://www.youtube.com/watch?v=VII9JF07tTA,"LOL YayÄ±n AnlarÄ± derlemesinin yeni bÃ¶lÃ¼mÃ¼ne hoÅŸ geldiniz! Ä°zlediÄŸiniz iÃ§in teÅŸekkÃ¼rler, abone olmayÄ± unutmayÄ±nÄ±z...
Telif hakkÄ± ve kaldÄ±rtmak istediÄŸiniz iÃ§erikler iÃ§in ; afeliosskk@gmail.com
En uygun, en hÄ±zlÄ± RP'nin adresi : https://www.sonteklif.com/yayinci/Afelioss #Ä°ÅŸbirliÄŸi #Reklam #Sponsor 
Discord, klip paylaÅŸÄ±mÄ± ve sohbet iÃ§in; https://discord.gg/fAzUaR9fcE
Instagram: https://www.instagram.com/afelioss/
Twitter: https://x.com/azizafelioss

Intro: https://youtu.be/4R8EDBkjcZQ?si=S_1vDcaOoZivfF9h
Outro: https://www.youtube.com/watch?v=vD3CcxkZwbY

00:00 Jahrein wtcN
01:43 Intro
01:47 Closer
02:18 Crystal
02:42 Fabfab
03:07 Bolulu
03:33 Hansuo
03:46 Larsahan
04:06 MalkoÃ§
04:35 Naru
05:14 Telch
05:35 Zeitnot
05:59 Armut
06:35 Closer
07:13 Crystal
07:30 Bolulu
07:55 Hansuo
08:23 MalkoÃ§ - Naru
08:52 Zedxsmurf
08:20 Zeitnot
09:47 Closer
10:15 Crystal
10:49 Tehditkar PapaÄŸan
10:54 Hansuo
11:14 Zedxsmurf
11:25 Larsahan
11:41 MalkoÃ§
12:01 Zeitnot
12:23 Lowkey
12:46 Naru
13:30 Fabfab
14:17 Outro
14:30 Crystal olduk
14:36 BEDEN DÄ°LÄ°
16:38 TeÅŸekkÃ¼rler
16:47 Ã‡ok iyi ya
























































#zeitnot
#leagueoflegends 
#leagueoflegendstÃ¼rkiye 
#loltr 
#loltÃ¼rkiye 
#lolvideolarÄ±
#lillia 
#lolmontage 
#loloynanÄ±ÅŸ 
#lolplays 
#lolclips 
#esports 
#outplayed 
#lolrage 
#holyphoenixlol 
#zedxsmurf 
#gosu 
#crystal
#closer 
#uthenera
#naru
#ebonivonizliyor 
#archelaus 

Intro ve outro iÃ§in ilham aldÄ±ÄŸÄ±m kanal ;  @hmmcik",2025-02-02 13:07:36+00,false,false,VII9JF07tTA,,,https://i.ytimg.com/vi/VII9JF07tTA/mqdefault.jpg,2025-03-01 09:51:04.62904+00,false
d9901fb5-91eb-4680-a967-0eaa8dbd03c9,273f8114-8dab-4186-9c35-2aacf93b38d1,Nvidia and Big Tech stocks can't escape the market's growing anxiety,https://qz.com/stocks-nvidia-dell-hp-big-tech-trump-tariffs-anxiety-1851767005,,2025-02-28 20:35:00+00,false,false,,,,,2025-02-28 23:14:32.866096+00,false
d9b8dff1-0681-4c90-8885-0b80b53a2d4b,cb128b88-b87f-44e5-9a5d-59a4fb1d6ab2,"Testosteron Tedavisi, Sustanon, Ereksiyon Dertleri ve dahasÄ± @DrÃ–mÃ¼rErdemAkkaya",https://www.youtube.com/watch?v=9ANBgxdt15Q,"podcast bÃ¶lÃ¼mÃ¼ ancak sayÄ±sÄ± ya da numarasÄ± yok Ã§Ã¼nkÃ¼ o zaman devam etmiyor
DanÄ±ÅŸma https://www.drgurayaydin.com/akademi
KoÃ§luklar https://www.drgurayaydin.com/programlar
Kendinize en uygun supplementleri GURAY10 indirim kodu ile https://www.proteinocean.com 'dan alabilirsiniz!

Videodaki bilgiler, sadece bilgilendirme amaÃ§lÄ± saÄŸlanmaktadÄ±r. Kanal Sahibi, videoda verilen bilgilerin tek baÅŸÄ±na bir saÄŸlÄ±k durumunu veya bir saÄŸlÄ±k sorununu teÅŸhis veya tedavi etmek iÃ§in kullanÄ±lmasÄ±nÄ± tavsiye etmez ve/veya bundan sorumlu tutulamaz.
HastalÄ±klar ve tedavi alanlarÄ± hakkÄ±nda konusunda uzman kiÅŸilerin; kiÅŸisel kanÄ±, deneyim ve gÃ¶rÃ¼ÅŸlerini iÃ§eren bilgiler yer almakta fakat teÅŸhis ve tedavi yÃ¶nlendirmesi yapÄ±lmamaktadÄ±r, hiÃ§bir bilgi bu ÅŸekilde algÄ±lanmamalÄ±dÄ±r. 
Videoda yer alan bilgiler bir hekime danÄ±ÅŸmanÄ±n yerine geÃ§mez.",2025-01-30 17:43:36+00,false,false,9ANBgxdt15Q,,,https://i.ytimg.com/vi/9ANBgxdt15Q/maxresdefault.jpg,2025-03-01 10:18:40.73332+00,false
dad23a3f-2d6d-464f-b7ff-1f4ed82d22d2,273f8114-8dab-4186-9c35-2aacf93b38d1,The dot-com bubble burst 25 years ago. What does that history say about stocks today?,https://qz.com/dot-com-bubble-stock-market-crash-anniversary-ai-1851767436,,2025-03-06 10:00:00+00,false,false,,,,,2025-03-08 18:51:01.509897+00,false
db0657d5-f194-407d-8547-13729e7ee816,cb128b88-b87f-44e5-9a5d-59a4fb1d6ab2,VÃ¼cut GeliÅŸtirme @testotaylan Ziyareti,https://www.youtube.com/watch?v=NNXMbjXsJp8,"podcast bÃ¶lÃ¼mÃ¼ ancak sayÄ±sÄ± ya da numarasÄ± yok Ã§Ã¼nkÃ¼ o zaman devam etmiyor
DanÄ±ÅŸma https://www.drgurayaydin.com/akademi
KoÃ§luklar https://www.drgurayaydin.com/programlar",2024-12-25 22:22:26+00,false,false,NNXMbjXsJp8,,,https://i.ytimg.com/vi/NNXMbjXsJp8/maxresdefault.jpg,2025-03-01 10:18:40.73332+00,false
df2a21d4-bf92-421a-a160-5e76149bb421,188992d0-7d48-4120-987b-87477bf511a2,New video from Afelioss,https://www.youtube.com/watch?v=WTKzpejN4KA,,2025-03-08 18:53:05.911+00,false,false,,,,https://i.ytimg.com/vi/WTKzpejN4KA/hqdefault.jpg,2025-03-08 18:53:05.101527+00,false
e071d2ae-413c-432f-8d87-167c6a333aed,273f8114-8dab-4186-9c35-2aacf93b38d1,The Dow swings wildly as Trump tariffs fuel the stock market's worst week in 2 years,https://qz.com/dow-drops-trump-tariffs-worst-week-in-2-years-1851768474,,2025-03-07 21:05:00+00,false,false,,,,,2025-03-08 18:51:01.509897+00,false
e195a8f3-bc53-490e-afc6-3c902d00feaa,273f8114-8dab-4186-9c35-2aacf93b38d1,"Hooters, Big Lots, and 6 other restaurant and retail chains going bankrupt right now",https://qz.com/hooters-big-lots-macys-joann-bankrupt-retail-inflation-1851766620,,2025-02-28 10:00:00+00,false,false,,,,,2025-02-28 23:14:32.866096+00,false
e325deab-cd48-4edd-98fa-b7cc54ff8c20,273f8114-8dab-4186-9c35-2aacf93b38d1,Skype signs off: Here's where Microsoft's video platform went wrong as others zoomed by,https://qz.com/microsoft-skype-shut-down-zoom-1851767123,,2025-02-28 21:54:00+00,true,true,,,,,2025-02-28 23:14:32.866096+00,false
e366e4a5-efa6-47fa-ae0c-6ac48fb6bf75,e4ee230d-5dfc-4bd8-8a7c-43d0d4957cb7,"Cursor AI ve Supabase ile Login, Register ve Todo List UygulamasÄ± YapÄ±mÄ±",https://www.youtube.com/watch?v=O64uc8uuMxo,"Bu videoda, Cursor AI ve Supabase kullanarak database serversÄ±z bir ÅŸekilde Authentication (Login, Register) ve Todo List uygulamasÄ± nasÄ±l yapÄ±lÄ±r adÄ±m adÄ±m anlatÄ±yorum. Supabase ile kolayca kullanÄ±cÄ± kimlik doÄŸrulama, veri depolama ve yÃ¶netme iÅŸlemlerini nasÄ±l gerÃ§ekleÅŸtirebileceÄŸinizi gÃ¶steriyorum. Yeni baÅŸlayanlar iÃ§in yapay zeka ile basit ve modern bir web uygulamasÄ± geliÅŸtirme rehberi!

ğŸ‘ BeÄŸenmeyi, ğŸ’¬ yorum yapmayÄ± ve ğŸ”” abone olup bildirimleri aÃ§mayÄ± unutma!

ğŸš€ğŸš€ğŸš€ğŸš€
Cursor AI & Windsurf 101 Prompt E-KitabÄ±m Ã‡Ä±ktÄ±!
https://www.shopier.com/ShowProductNew/products.php?id=32991963 
ğŸš€ğŸš€ğŸš€ğŸš€


ğŸš€ Instagramdan beni takip ederek beni destekleyebilirsiniz:   https://www.instagram.com/ugur.keskekci/
https://www.instagram.com/remoteugur/

ğŸš€ Kalori sayma uygulamam App Store'da yayÄ±nda: https://apps.apple.com/us/app/my-calories-kalori-hesaplama/id6664053954

ğŸš€ TopluluÄŸumuza katÄ±lmak iÃ§in: 
Telegram: https://t.me/+9bs7kgDL_51jNzU8
Discord: https://discord.gg/74Z5kR2VXf

00:00 GiriÅŸ
00:47 Cursor AI ile Proje Kurulumu
01:27 cursorrules DosyasÄ± ve Rules DosyasÄ± Nedir?
04:06 Projenin Front-end KÄ±smÄ±nÄ± OluÅŸturma
05:18 Supabase Kurulumu 
17:45 Databaseden Verileri Silme 
21:20 UygulamanÄ±n TasarÄ±mÄ±nÄ± Modern Hala Getirme",2025-02-15 07:44:11+00,false,false,O64uc8uuMxo,,,https://i.ytimg.com/vi/O64uc8uuMxo/mqdefault.jpg,2025-03-01 10:12:33.450894+00,false
e55c8ba6-cd84-423f-92a7-49f9e119ede5,273f8114-8dab-4186-9c35-2aacf93b38d1,Nvidia's stock slide kicked its market cap out of the $3 trillion club,https://qz.com/nvidia-stock-fall-q4-earnings-3-trillion-market-cap-ai-1851767004,,2025-02-28 15:59:32+00,false,false,,,,,2025-02-28 23:14:32.866096+00,false
e79f0ae9-939f-4f97-9961-e1c8fd2b63ad,273f8114-8dab-4186-9c35-2aacf93b38d1,Big Pharma wants to bring back a tax break that could save it $15 billion,https://qz.com/big-pharma-trump-tax-breaks-15-billion-1851768173,,2025-03-06 21:00:00+00,false,false,,,,,2025-03-08 18:51:01.509897+00,false
e9eb1fd8-57be-44ee-b71c-4bcdadccbf42,273f8114-8dab-4186-9c35-2aacf93b38d1,"Nvidia, Broadcom, Macy's, Starbucks, Kroger, Marvell, MongoDB, ON Semi, Allegro: Stocks to watch today",https://qz.com/nvidia-broadcom-marvell-macys-stocks-watch-1851767996,,2025-03-06 21:00:00+00,false,false,,,,,2025-03-08 18:51:01.509897+00,false
ea818119-f51e-488d-b3b3-9c08d9bf3978,273f8114-8dab-4186-9c35-2aacf93b38d1,"Late car payments hit their highest level in decades, alarming economists",https://qz.com/borrowers-feel-the-strain-pushing-auto-delinquencies-h-1851768163,,2025-03-06 21:06:34+00,false,false,,,,,2025-03-08 18:51:01.509897+00,false
efdb17a7-06b5-4178-9b17-ac33c5d054e1,188992d0-7d48-4120-987b-87477bf511a2,New video from Afelioss,https://www.youtube.com/watch?v=w15aQQVled4,,2025-03-08 18:53:05.911+00,false,false,,,,https://i.ytimg.com/vi/w15aQQVled4/hqdefault.jpg,2025-03-08 18:53:05.101527+00,false
efffd0c5-7e9e-4676-ba66-7a119dc8d66f,e4ee230d-5dfc-4bd8-8a7c-43d0d4957cb7,New video from UÄŸur ile YazÄ±lÄ±m,https://www.youtube.com/watch?v=ccgOzxzSL78,,2025-03-08 18:53:06.822+00,false,false,,,,https://i.ytimg.com/vi/ccgOzxzSL78/hqdefault.jpg,2025-03-08 18:53:06.007547+00,false
f0db6fdb-956d-46eb-8230-4c8e4d57260b,273f8114-8dab-4186-9c35-2aacf93b38d1,Starbucks is cutting menu items so say goodbye to these 13 drinks,https://qz.com/starbucks-cuts-frappuccinos-latte-beverage-brian-niccol-1851766991,,2025-02-28 18:34:59+00,false,false,,,,,2025-02-28 23:14:32.866096+00,false
f6d660c4-13d7-4a79-93a5-fc36eb5ee7d6,273f8114-8dab-4186-9c35-2aacf93b38d1,Costco defies tariff concerns â€“ but the stock still slips,https://qz.com/cost-q2-2025-trump-tariffs-bulk-buying-trade-war-retail-1851768213,,2025-03-06 22:40:00+00,false,false,,,,,2025-03-08 18:51:01.509897+00,false
f71db037-e6d4-42c3-85b4-afb1cd079596,1fe1032e-91fd-4540-b54b-5308b7c4eacf,AI Yapay Olabilir ama Zeka DeÄŸil - Part 2,https://www.youtube.com/watch?v=tTIAE7EP3Ys,"Bu video 2024.11.02 tarihli ""JavaScript Adamâ€™la Yapay Zeka nedir, nasÄ±l yapÄ±lÄ±r?"" adlÄ± yayÄ±nÄ±n 01:59:20 - 02:12:48 sÃ¼releri arasÄ±ndan alÄ±nÄ±p dÃ¼zenlenmiÅŸtir.

Video 3 ParÃ§adan oluÅŸmaktadÄ±r. Bu video 2. parÃ§adÄ±r.
1. ParÃ§a: https://youtu.be/62uzy3MJaec
3. ParÃ§a: https://youtu.be/PMOrNWVPhCA

YayÄ±na ulaÅŸmak iÃ§in: https://www.youtube.com/watch?v=p-w7lNoLWlU

Daha fazla iÃ§erik iÃ§in https://www.nimble.dev adresini ziyaret edebilirsiniz.",2024-12-25 17:00:49+00,false,false,tTIAE7EP3Ys,,,https://i.ytimg.com/vi/tTIAE7EP3Ys/mqdefault.jpg,2025-03-01 09:45:17.748337+00,false
f9a47bca-b745-475e-ae21-fb080849e305,273f8114-8dab-4186-9c35-2aacf93b38d1,"Costco's luxury favorites, Walmart's big bet, and McDonald's egg promise: Retail news roundup",https://qz.com/costco-walmart-amazon-mcdonalds-papa-johns-retail-infla-1851766919,,2025-02-28 14:45:35+00,false,false,,,,,2025-02-28 23:14:32.866096+00,false
fe34d181-d4b3-4ef4-b10b-0b720bcbcd5a,e4ee230d-5dfc-4bd8-8a7c-43d0d4957cb7,New video from UÄŸur ile YazÄ±lÄ±m,https://www.youtube.com/watch?v=Sj15ufbucGo,,2025-03-08 18:53:06.822+00,false,false,,,,https://i.ytimg.com/vi/Sj15ufbucGo/hqdefault.jpg,2025-03-08 18:53:06.007547+00,false
fec3ca39-a2e4-496e-9119-35e77e1f7313,e4ee230d-5dfc-4bd8-8a7c-43d0d4957cb7,New video from UÄŸur ile YazÄ±lÄ±m,https://www.youtube.com/watch?v=FcXVlq2h_00,,2025-03-08 18:53:06.822+00,false,false,,,,https://i.ytimg.com/vi/FcXVlq2h_00/hqdefault.jpg,2025-03-08 18:53:06.007547+00,false